failure_predicate,partition,simulator_id,address_id,mean_abs_target_response,mean_max_abs_off_target_change,off_target_to_target_ratio,specificity_ratio_status,specificity_target_response_floor,control_response_levels,control_response_status,control_response_rho,adjusted_response_rho,identity_violations,range_violations,control_curve_json
local_criterion_breach,confirmation,joint_empirical_cluster_bootstrap,2089c8ead568c49eba0d317f,0.0,0.015228650816045198,,target_response_too_small_for_ratio,1e-06,3,estimable,1.0,-1.0,0,0,"[{""control_response_lambda"":0.0,""mean_adjusted"":0.0,""mean_control"":-0.009816354364549583},{""control_response_lambda"":0.5,""mean_adjusted"":-0.01465763553611851,""mean_control"":0.07947018034912347},{""control_response_lambda"":1.0,""mean_adjusted"":-0.017270772705555316,""mean_control"":0.10767659193871783}]"
local_criterion_breach,confirmation,joint_empirical_cluster_bootstrap,2f394559fbe5789c99da9eda,0.0,0.027289029515742524,,target_response_too_small_for_ratio,1e-06,3,estimable,1.0,-1.0,0,0,"[{""control_response_lambda"":0.0,""mean_adjusted"":0.019103318860861355,""mean_control"":-0.019103318860861355},{""control_response_lambda"":0.5,""mean_adjusted"":-0.06839981082601024,""mean_control"":0.06839981082601024},{""control_response_lambda"":1.0,""mean_adjusted"":-0.10861756831810655,""mean_control"":0.10861756831810655}]"
local_criterion_breach,confirmation,joint_empirical_cluster_bootstrap,63063743372cd08e7e4c4ed8,0.32762345679012345,0.13312042819033998,0.40632142000631327,estimable,1e-06,3,estimable,1.0,-0.5,0,0,"[{""control_response_lambda"":0.0,""mean_adjusted"":0.355470788438198,""mean_control"":-0.04007669054716389},{""control_response_lambda"":0.5,""mean_adjusted"":0.3573833349597366,""mean_control"":-0.03843587038727204},{""control_response_lambda"":1.0,""mean_adjusted"":0.3299933402909046,""mean_control"":-0.016998233687495326}]"
local_criterion_breach,confirmation,joint_empirical_cluster_bootstrap,9a1b8537bb0aac4dd2f70530,0.0,0.09665231407307269,,target_response_too_small_for_ratio,1e-06,3,estimable,1.0,-1.0,0,0,"[{""control_response_lambda"":0.0,""mean_adjusted"":0.14520242917471718,""mean_control"":-0.010363933253998335},{""control_response_lambda"":0.5,""mean_adjusted"":0.08973392297762775,""mean_control"":0.04767675485368761},{""control_response_lambda"":1.0,""mean_adjusted"":0.0699631623761311,""mean_control"":0.0616295299494179}]"
local_criterion_breach,confirmation,joint_empirical_cluster_bootstrap,a24a4754e3d139d456235b65,0.0,0.03110553029884295,,target_response_too_small_for_ratio,1e-06,3,control_response_constant,,0.5,0,0,"[{""control_response_lambda"":0.0,""mean_adjusted"":-0.01895009416195857,""mean_control"":0.0},{""control_response_lambda"":0.5,""mean_adjusted"":-0.021195652173913043,""mean_control"":0.0},{""control_response_lambda"":1.0,""mean_adjusted"":-0.017828798185941044,""mean_control"":0.0}]"
local_criterion_breach,confirmation,joint_empirical_cluster_bootstrap,cba4ba2ba78612dd885992ab,0.0,0.08804875174534456,,target_response_too_small_for_ratio,1e-06,3,estimable,1.0,-1.0,0,0,"[{""control_response_lambda"":0.0,""mean_adjusted"":0.08109792366780041,""mean_control"":-0.007779431930666498},{""control_response_lambda"":0.5,""mean_adjusted"":-0.04707857273520823,""mean_control"":0.10545543955813666},{""control_response_lambda"":1.0,""mean_adjusted"":-0.09879339165413843,""mean_control"":0.1676562125150835}]"
local_criterion_breach,confirmation,joint_gaussian_regularized_cluster,2089c8ead568c49eba0d317f,0.014919704861111112,0.044200552981575415,2.9625621547505383,estimable,1e-06,3,estimable,1.0,-1.0,0,0,"[{""control_response_lambda"":0.0,""mean_adjusted"":0.012455123108271087,""mean_control"":0.011098634332205105},{""control_response_lambda"":0.5,""mean_adjusted"":0.002988804028555867,""mean_control"":0.014178544681761593},{""control_response_lambda"":1.0,""mean_adjusted"":-0.005010847655034235,""mean_control"":0.02341827573043106}]"
local_criterion_breach,confirmation,joint_gaussian_regularized_cluster,2f394559fbe5789c99da9eda,0.0,0.02602899023730642,,target_response_too_small_for_ratio,1e-06,3,estimable,1.0,-1.0,0,0,"[{""control_response_lambda"":0.0,""mean_adjusted"":0.03554622014525507,""mean_control"":-0.03554622014525507},{""control_response_lambda"":0.5,""mean_adjusted"":0.022529655801714624,""mean_control"":-0.022529655801714624},{""control_response_lambda"":1.0,""mean_adjusted"":0.008765437993379166,""mean_control"":-0.008765437993379166}]"
local_criterion_breach,confirmation,joint_gaussian_regularized_cluster,63063743372cd08e7e4c4ed8,0.05649594907407407,0.12482351901390093,2.2094242341205717,estimable,1e-06,3,estimable,1.0,-1.0,0,0,"[{""control_response_lambda"":0.0,""mean_adjusted"":0.06018518518518517,""mean_control"":-0.029738136574074075},{""control_response_lambda"":0.5,""mean_adjusted"":0.04496708622685184,""mean_control"":-0.018766276041666665},{""control_response_lambda"":1.0,""mean_adjusted"":0.03983109085648146,""mean_control"":-0.0072283709490740715}]"
local_criterion_breach,confirmation,joint_gaussian_regularized_cluster,9a1b8537bb0aac4dd2f70530,0.018287037037037036,0.0796133680530691,4.353541139104538,estimable,1e-06,3,estimable,1.0,-1.0,0,0,"[{""control_response_lambda"":0.0,""mean_adjusted"":0.07508652371933622,""mean_control"":-0.03318818768037518},{""control_response_lambda"":0.5,""mean_adjusted"":0.07027839781746031,""mean_control"":-0.01596404897186147},{""control_response_lambda"":1.0,""mean_adjusted"":0.07016819985569984,""mean_control"":-0.008178323412698413}]"
local_criterion_breach,confirmation,joint_gaussian_regularized_cluster,a24a4754e3d139d456235b65,0.032196969696969696,0.05717571075350969,1.775810310461948,estimable,1e-06,3,estimable,1.0,-1.0,0,0,"[{""control_response_lambda"":0.0,""mean_adjusted"":0.037503945707070704,""mean_control"":-0.0033933080808080823},{""control_response_lambda"":0.5,""mean_adjusted"":0.035031302609427606,""mean_control"":0.000256470959595959},{""control_response_lambda"":1.0,""mean_adjusted"":0.005681818181818174,""mean_control"":0.00492555765993266}]"
local_criterion_breach,confirmation,joint_gaussian_regularized_cluster,cba4ba2ba78612dd885992ab,0.05164930555555555,0.13577869558103753,2.628858106039584,estimable,1e-06,3,estimable,1.0,-1.0,0,0,"[{""control_response_lambda"":0.0,""mean_adjusted"":-0.0018165028958614545,""mean_control"":0.0625043929937022},{""control_response_lambda"":0.5,""mean_adjusted"":-0.003852216177462897,""mean_control"":0.07359494489428699},{""control_response_lambda"":1.0,""mean_adjusted"":-0.03292777215474585,""mean_control"":0.0935752467105263}]"
local_criterion_breach,confirmation,joint_wild_cluster_rademacher,2089c8ead568c49eba0d317f,0.021701388888888888,0.042647873610519964,1.96521401597276,estimable,1e-06,3,estimable,1.0,-1.0,0,0,"[{""control_response_lambda"":0.0,""mean_adjusted"":0.018880208333333332,""mean_control"":0.0},{""control_response_lambda"":0.5,""mean_adjusted"":0.01681219362745098,""mean_control"":0.0069508272058823525},{""control_response_lambda"":1.0,""mean_adjusted"":0.011555989583333334,""mean_control"":0.010904947916666666}]"
local_criterion_breach,confirmation,joint_wild_cluster_rademacher,2f394559fbe5789c99da9eda,0.0,0.024136160660414636,,target_response_too_small_for_ratio,1e-06,3,estimable,1.0,-1.0,0,0,"[{""control_response_lambda"":0.0,""mean_adjusted"":0.017070819805194804,""mean_control"":-0.017070819805194804},{""control_response_lambda"":0.5,""mean_adjusted"":-0.02337010798637637,""mean_control"":0.02337010798637637},{""control_response_lambda"":1.0,""mean_adjusted"":-0.044631169229055266,""mean_control"":0.044631169229055266}]"
local_criterion_breach,confirmation,joint_wild_cluster_rademacher,63063743372cd08e7e4c4ed8,0.20688657407407407,0.1227867113890197,0.593497726657975,estimable,1e-06,3,estimable,1.0,-1.0,0,0,"[{""control_response_lambda"":0.0,""mean_adjusted"":0.2202763310185185,""mean_control"":-0.012239583333333325},{""control_response_lambda"":0.5,""mean_adjusted"":0.20873661747685182,""mean_control"":-0.008309823495370367},{""control_response_lambda"":1.0,""mean_adjusted"":0.19792390046296296,""mean_control"":0.003848379629629637}]"
local_criterion_breach,confirmation,joint_wild_cluster_rademacher,9a1b8537bb0aac4dd2f70530,0.0,0.08072566687708402,,target_response_too_small_for_ratio,1e-06,3,estimable,1.0,-1.0,0,0,"[{""control_response_lambda"":0.0,""mean_adjusted"":0.05577961534992785,""mean_control"":0.019977960407647898},{""control_response_lambda"":0.5,""mean_adjusted"":0.032914806547619045,""mean_control"":0.0428427692099567},{""control_response_lambda"":1.0,""mean_adjusted"":0.023892101821789316,""mean_control"":0.05186547393578644}]"
local_criterion_breach,confirmation,joint_wild_cluster_rademacher,a24a4754e3d139d456235b65,0.08696338383838383,0.05675649907310317,0.6526482361654841,estimable,1e-06,3,control_response_constant,,0.5,0,0,"[{""control_response_lambda"":0.0,""mean_adjusted"":-0.11589856902356903,""mean_control"":0.0},{""control_response_lambda"":0.5,""mean_adjusted"":-0.11058501683501683,""mean_control"":0.0},{""control_response_lambda"":1.0,""mean_adjusted"":-0.11078887836700337,""mean_control"":0.0}]"
local_criterion_breach,confirmation,joint_wild_cluster_rademacher,cba4ba2ba78612dd885992ab,0.0,0.13998868531383846,,target_response_too_small_for_ratio,1e-06,3,estimable,1.0,-1.0,0,0,"[{""control_response_lambda"":0.0,""mean_adjusted"":0.1668284166947818,""mean_control"":-0.031749131944444446},{""control_response_lambda"":0.5,""mean_adjusted"":0.03254118870895185,""mean_control"":0.10065218384502923},{""control_response_lambda"":1.0,""mean_adjusted"":-0.0008338341346154056,""mean_control"":0.1375011861082996}]"
local_criterion_breach,discovery,joint_empirical_cluster_bootstrap,2089c8ead568c49eba0d317f,0.01417881014655208,0.06592670805275962,4.649664349218421,estimable,1e-06,3,estimable,1.0,-1.0,0,0,"[{""control_response_lambda"":0.0,""mean_adjusted"":0.01818436798803291,""mean_control"":-0.0027424582398404384},{""control_response_lambda"":0.5,""mean_adjusted"":0.00972361387908155,""mean_control"":0.004468851618866977},{""control_response_lambda"":1.0,""mean_adjusted"":-0.02061798741329847,""mean_control"":0.03352000685982053}]"
local_criterion_breach,discovery,joint_empirical_cluster_bootstrap,2f394559fbe5789c99da9eda,0.08333333333333333,0.010338409286992886,0.12406091144391464,estimable,1e-06,3,estimable,1.0,-1.0,0,0,"[{""control_response_lambda"":0.0,""mean_adjusted"":0.09989727786337955,""mean_control"":-0.052926086259419594},{""control_response_lambda"":0.5,""mean_adjusted"":-0.03519892805607092,""mean_control"":0.07685847236409035},{""control_response_lambda"":1.0,""mean_adjusted"":-0.07766812865497078,""mean_control"":0.11737070707070708}]"
local_criterion_breach,discovery,joint_empirical_cluster_bootstrap,63063743372cd08e7e4c4ed8,0.2968667328042328,0.1057924210069668,0.35636334191992824,estimable,1e-06,3,estimable,1.0,-1.0,0,0,"[{""control_response_lambda"":0.0,""mean_adjusted"":0.3295945433404315,""mean_control"":0.03740740847237558},{""control_response_lambda"":0.5,""mean_adjusted"":0.11166135053573373,""mean_control"":0.25597015340744783},{""control_response_lambda"":1.0,""mean_adjusted"":-0.005457308590532302,""mean_control"":0.36952542934039645}]"
local_criterion_breach,discovery,joint_empirical_cluster_bootstrap,9a1b8537bb0aac4dd2f70530,0.09999999999999999,0.03892260467244098,0.3892260467244098,estimable,1e-06,3,estimable,1.0,-1.0,0,0,"[{""control_response_lambda"":0.0,""mean_adjusted"":0.13360654383210774,""mean_control"":-0.03360654383210774},{""control_response_lambda"":0.5,""mean_adjusted"":0.04902171512697829,""mean_control"":0.050978284873021716},{""control_response_lambda"":1.0,""mean_adjusted"":0.01789094540328093,""mean_control"":0.08210905459671908}]"
local_criterion_breach,discovery,joint_empirical_cluster_bootstrap,a24a4754e3d139d456235b65,0.0,0.03516407329120788,,target_response_too_small_for_ratio,1e-06,3,estimable,0.8660254037844387,-0.5,0,0,"[{""control_response_lambda"":0.0,""mean_adjusted"":-0.05464891975308642,""mean_control"":-0.0036844135802469122},{""control_response_lambda"":0.5,""mean_adjusted"":-0.057506887052341596,""mean_control"":0.0},{""control_response_lambda"":1.0,""mean_adjusted"":-0.05688202247191011,""mean_control"":0.0}]"
local_criterion_breach,discovery,joint_empirical_cluster_bootstrap,cba4ba2ba78612dd885992ab,0.32896123050990306,0.07653993161472744,0.2326715871535606,estimable,1e-06,3,estimable,1.0,-1.0,0,0,"[{""control_response_lambda"":0.0,""mean_adjusted"":0.26455133600966935,""mean_control"":-0.027584876543209874},{""control_response_lambda"":0.5,""mean_adjusted"":0.20178250276564885,""mean_control"":0.030040574282147316},{""control_response_lambda"":1.0,""mean_adjusted"":0.18782181565154005,""mean_control"":0.050894028871391085}]"
local_criterion_breach,discovery,joint_gaussian_regularized_cluster,2089c8ead568c49eba0d317f,0.04872891865079365,0.08072525543133674,1.6566190604359319,estimable,1e-06,3,estimable,1.0,-1.0,0,0,"[{""control_response_lambda"":0.0,""mean_adjusted"":0.08435702481112639,""mean_control"":0.017131070426968865},{""control_response_lambda"":0.5,""mean_adjusted"":0.05591195913461539,""mean_control"":0.04585229223901099},{""control_response_lambda"":1.0,""mean_adjusted"":0.03177414219894689,""mean_control"":0.06466587611607143}]"
local_criterion_breach,discovery,joint_gaussian_regularized_cluster,2f394559fbe5789c99da9eda,0.04304108796296296,0.016856354177763096,0.3916340170645329,estimable,1e-06,3,estimable,1.0,-1.0,0,0,"[{""control_response_lambda"":0.0,""mean_adjusted"":0.1008933738425926,""mean_control"":-0.06248191550925925},{""control_response_lambda"":0.5,""mean_adjusted"":0.08874059606481481,""mean_control"":-0.04967809606481482},{""control_response_lambda"":1.0,""mean_adjusted"":0.07881221064814815,""mean_control"":-0.03953269675925926}]"
local_criterion_breach,discovery,joint_gaussian_regularized_cluster,63063743372cd08e7e4c4ed8,0.07992862654320988,0.09652718341270372,1.2076672349739497,estimable,1e-06,3,estimable,1.0,-1.0,0,0,"[{""control_response_lambda"":0.0,""mean_adjusted"":-0.017784935428849916,""mean_control"":0.10289427997076024},{""control_response_lambda"":0.5,""mean_adjusted"":-0.0889236872563353,""mean_control"":0.17447101912768034},{""control_response_lambda"":1.0,""mean_adjusted"":-0.14848501461988306,""mean_control"":0.23234405458089671}]"
local_criterion_breach,discovery,joint_gaussian_regularized_cluster,9a1b8537bb0aac4dd2f70530,0.007291666666666667,0.025963287173303626,3.5606793837673543,estimable,1e-06,3,estimable,1.0,-1.0,0,0,"[{""control_response_lambda"":0.0,""mean_adjusted"":0.01705544660931174,""mean_control"":-0.004687763579622131},{""control_response_lambda"":0.5,""mean_adjusted"":0.010342073633603238,""mean_control"":0.003858014929149799},{""control_response_lambda"":1.0,""mean_adjusted"":-0.004317434210526318,""mean_control"":0.012175269905533066}]"
local_criterion_breach,discovery,joint_gaussian_regularized_cluster,a24a4754e3d139d456235b65,0.03302228009259259,0.07321087305204098,2.2170144777029894,estimable,1e-06,3,estimable,1.0,-0.5,0,0,"[{""control_response_lambda"":0.0,""mean_adjusted"":-0.012017144097222219,""mean_control"":-0.018780743634259255},{""control_response_lambda"":0.5,""mean_adjusted"":0.001482928240740744,""mean_control"":-0.012803819444444442},{""control_response_lambda"":1.0,""mean_adjusted"":-0.03102394386574074,""mean_control"":-0.0020164207175925896}]"
local_criterion_breach,discovery,joint_gaussian_regularized_cluster,cba4ba2ba78612dd885992ab,0.04622395833333333,0.12456350148415396,2.694782229290993,estimable,1e-06,3,estimable,1.0,-0.5,0,0,"[{""control_response_lambda"":0.0,""mean_adjusted"":0.34418402777777773,""mean_control"":-0.022026909722222224},{""control_response_lambda"":0.5,""mean_adjusted"":0.32877604166666663,""mean_control"":0.0031467013888888894},{""control_response_lambda"":1.0,""mean_adjusted"":0.32880316840277773,""mean_control"":0.028618706597222224}]"
local_criterion_breach,discovery,joint_wild_cluster_rademacher,2089c8ead568c49eba0d317f,0.05954861111111111,0.0780369254179889,1.3104743160571897,estimable,1e-06,3,estimable,1.0,-1.0,0,0,"[{""control_response_lambda"":0.0,""mean_adjusted"":0.07411304515796703,""mean_control"":0.03760570484203297},{""control_response_lambda"":0.5,""mean_adjusted"":0.06854574461996338,""mean_control"":0.0434334220467033},{""control_response_lambda"":1.0,""mean_adjusted"":0.043892907222985354,""mean_control"":0.06444042611034799}]"
local_criterion_breach,discovery,joint_wild_cluster_rademacher,2f394559fbe5789c99da9eda,0.08333333333333333,0.016901798149620346,0.20282157779544416,estimable,1e-06,3,estimable,1.0,-1.0,0,0,"[{""control_response_lambda"":0.0,""mean_adjusted"":0.09004267939814814,""mean_control"":-0.034487123842592594},{""control_response_lambda"":0.5,""mean_adjusted"":0.03871889467592592,""mean_control"":0.01683666087962963},{""control_response_lambda"":1.0,""mean_adjusted"":0.029007523148148143,""mean_control"":0.02654803240740741}]"
local_criterion_breach,discovery,joint_wild_cluster_rademacher,63063743372cd08e7e4c4ed8,0.16963734567901234,0.09488890192467526,0.5593632790283336,estimable,1e-06,3,estimable,1.0,-1.0,0,0,"[{""control_response_lambda"":0.0,""mean_adjusted"":0.18468757614522416,""mean_control"":0.02729646381578948},{""control_response_lambda"":0.5,""mean_adjusted"":0.027789656432748513,""mean_control"":0.17856359649122808},{""control_response_lambda"":1.0,""mean_adjusted"":-0.07619570845516573,""mean_control"":0.2824563687865497}]"
local_criterion_breach,discovery,joint_wild_cluster_rademacher,9a1b8537bb0aac4dd2f70530,0.05043402777777778,0.02958879359528517,0.5866831363471345,estimable,1e-06,3,estimable,1.0,-1.0,0,0,"[{""control_response_lambda"":0.0,""mean_adjusted"":0.06677631578947368,""mean_control"":-0.01391173245614035},{""control_response_lambda"":0.5,""mean_adjusted"":0.02255345394736842,""mean_control"":0.02614446271929825},{""control_response_lambda"":1.0,""mean_adjusted"":0.006544682017543859,""mean_control"":0.04319490131578948}]"
local_criterion_breach,discovery,joint_wild_cluster_rademacher,a24a4754e3d139d456235b65,0.0,0.06778726815154242,,target_response_too_small_for_ratio,1e-06,3,estimable,1.0,-1.0,0,0,"[{""control_response_lambda"":0.0,""mean_adjusted"":-0.03363715277777778,""mean_control"":-0.049641927083333336},{""control_response_lambda"":0.5,""mean_adjusted"":-0.05756293402777777,""mean_control"":-0.026529947916666668},{""control_response_lambda"":1.0,""mean_adjusted"":-0.06255425347222222,""mean_control"":-0.024956597222222224}]"
local_criterion_breach,discovery,joint_wild_cluster_rademacher,cba4ba2ba78612dd885992ab,0.2196903935185185,0.12097520008988225,0.5506622212849959,estimable,1e-06,3,estimable,1.0,-1.0,0,0,"[{""control_response_lambda"":0.0,""mean_adjusted"":0.28754340277777773,""mean_control"":0.008355034722222219},{""control_response_lambda"":0.5,""mean_adjusted"":0.2713758680555555,""mean_control"":0.023546006944444444},{""control_response_lambda"":1.0,""mean_adjusted"":0.23600260416666663,""mean_control"":0.04090711805555556}]"
log_loss_attenuation,confirmation,joint_empirical_cluster_bootstrap,3c58f494c94b8761a568ded4,0.007243652911647402,0.005839583610510339,0.8061655744328395,estimable,1e-06,3,estimable,1.0,-1.0,0,0,"[{""control_response_lambda"":0.0,""mean_adjusted"":-0.01246089929218953,""mean_control"":0.017970570264595635},{""control_response_lambda"":0.5,""mean_adjusted"":-0.02495295025191834,""mean_control"":0.030869946934834202},{""control_response_lambda"":1.0,""mean_adjusted"":-0.035179143716756206,""mean_control"":0.04074592411579273}]"
log_loss_attenuation,confirmation,joint_empirical_cluster_bootstrap,61cef129ca8cc734e59e4f58,0.019809739563194914,0.019638492084193215,0.9913553896831706,estimable,1e-06,3,estimable,1.0,-1.0,0,0,"[{""control_response_lambda"":0.0,""mean_adjusted"":0.019601777342109248,""mean_control"":0.005583714189491551},{""control_response_lambda"":0.5,""mean_adjusted"":0.0076670660732308625,""mean_control"":0.015247582471123199},{""control_response_lambda"":1.0,""mean_adjusted"":-0.00472472016638715,""mean_control"":0.024838406926518022}]"
log_loss_attenuation,confirmation,joint_empirical_cluster_bootstrap,6474bf84525b5f8901e9c847,0.017467938111614834,0.015809896963862837,0.905080889504095,estimable,1e-06,3,estimable,1.0,-1.0,0,0,"[{""control_response_lambda"":0.0,""mean_adjusted"":0.032281427677445865,""mean_control"":-0.0018801902124443374},{""control_response_lambda"":0.5,""mean_adjusted"":0.0249539596780887,""mean_control"":0.0012061448905249445},{""control_response_lambda"":1.0,""mean_adjusted"":0.020496955451545146,""mean_control"":0.006158204681686572}]"
log_loss_attenuation,confirmation,joint_empirical_cluster_bootstrap,7e1bf2a0d61851cecd7b6046,0.09648416461572161,0.027857042230659226,0.28872139113821027,estimable,1e-06,3,estimable,1.0,-1.0,0,0,"[{""control_response_lambda"":0.0,""mean_adjusted"":0.32365108844925533,""mean_control"":0.014924506087616966},{""control_response_lambda"":0.5,""mean_adjusted"":0.3163058056132822,""mean_control"":0.020075442676554194},{""control_response_lambda"":1.0,""mean_adjusted"":0.29484997428841947,""mean_control"":0.029440240960647016}]"
log_loss_attenuation,confirmation,joint_empirical_cluster_bootstrap,abf87c205565392f1e00275c,0.033281892159717406,0.01732917341589409,0.5206787322287036,estimable,1e-06,3,estimable,1.0,-1.0,0,0,"[{""control_response_lambda"":0.0,""mean_adjusted"":0.07368530707626686,""mean_control"":0.08166714391541072},{""control_response_lambda"":0.5,""mean_adjusted"":0.05923883116719996,""mean_control"":0.0864417737339718},{""control_response_lambda"":1.0,""mean_adjusted"":0.0406627829873579,""mean_control"":0.11218303118690588}]"
log_loss_attenuation,confirmation,joint_empirical_cluster_bootstrap,c7bb703a3930eb4a7b9b0754,0.06889004222648708,0.026986984456866234,0.3917399900575208,estimable,1e-06,3,estimable,1.0,-0.5,0,0,"[{""control_response_lambda"":0.0,""mean_adjusted"":0.03164390922306209,""mean_control"":-0.006865803802694525},{""control_response_lambda"":0.5,""mean_adjusted"":0.057864789013154096,""mean_control"":0.0042123851732113774},{""control_response_lambda"":1.0,""mean_adjusted"":0.017738871361438747,""mean_control"":0.009080227228327756}]"
log_loss_attenuation,confirmation,joint_gaussian_regularized_cluster,3c58f494c94b8761a568ded4,0.0064280647610838616,0.01226455377786067,1.907969853090387,estimable,1e-06,3,estimable,1.0,-1.0,0,0,"[{""control_response_lambda"":0.0,""mean_adjusted"":-0.10098854862661927,""mean_control"":0.10516549664090935},{""control_response_lambda"":0.5,""mean_adjusted"":-0.12073415755339163,""mean_control"":0.12514349300704275},{""control_response_lambda"":1.0,""mean_adjusted"":-0.14031513470299564,""mean_control"":0.14488352280923292}]"
log_loss_attenuation,confirmation,joint_gaussian_regularized_cluster,61cef129ca8cc734e59e4f58,0.025725469486150655,0.03252440525954033,1.2642881124890606,estimable,1e-06,3,estimable,1.0,-1.0,0,0,"[{""control_response_lambda"":0.0,""mean_adjusted"":0.051179479851440994,""mean_control"":0.009567312471869857},{""control_response_lambda"":0.5,""mean_adjusted"":0.03926400658955063,""mean_control"":0.02110459409221625},{""control_response_lambda"":1.0,""mean_adjusted"":0.02708986420513457,""mean_control"":0.03343091785183693}]"
log_loss_attenuation,confirmation,joint_gaussian_regularized_cluster,6474bf84525b5f8901e9c847,0.02374415551805354,0.03390451400158883,1.4279098692648808,estimable,1e-06,3,estimable,1.0,-0.5,0,0,"[{""control_response_lambda"":0.0,""mean_adjusted"":0.027452546054551007,""mean_control"":-0.023691965409496817},{""control_response_lambda"":0.5,""mean_adjusted"":-0.01406922779465125,""mean_control"":-0.01914007026843957},{""control_response_lambda"":1.0,""mean_adjusted"":-0.010396405566243548,""mean_control"":-0.013028502903541244}]"
log_loss_attenuation,confirmation,joint_gaussian_regularized_cluster,7e1bf2a0d61851cecd7b6046,0.11127527312295446,0.05507206152489005,0.49491733409665734,estimable,1e-06,3,estimable,1.0,-0.5,0,0,"[{""control_response_lambda"":0.0,""mean_adjusted"":0.5859130110393523,""mean_control"":-0.016053820670210984},{""control_response_lambda"":0.5,""mean_adjusted"":0.5126661879784912,""mean_control"":-0.004784617022862412},{""control_response_lambda"":1.0,""mean_adjusted"":0.5391971002406928,""mean_control"":-0.0017968523982353204}]"
log_loss_attenuation,confirmation,joint_gaussian_regularized_cluster,abf87c205565392f1e00275c,0.024160476259370747,0.023818416032681436,0.9858421571240078,estimable,1e-06,3,estimable,1.0,-1.0,0,0,"[{""control_response_lambda"":0.0,""mean_adjusted"":0.026207732232559584,""mean_control"":-0.038816356382044566},{""control_response_lambda"":0.5,""mean_adjusted"":0.003774690486551284,""mean_control"":-0.023924977169581075},{""control_response_lambda"":1.0,""mean_adjusted"":-0.00896559077493295,""mean_control"":-0.006793554158198194}]"
log_loss_attenuation,confirmation,joint_gaussian_regularized_cluster,c7bb703a3930eb4a7b9b0754,0.07666899559874557,0.05646863911090589,0.7365250929650865,estimable,1e-06,3,estimable,1.0,-1.0,0,0,"[{""control_response_lambda"":0.0,""mean_adjusted"":0.07665305022762664,""mean_control"":-0.014246210644594722},{""control_response_lambda"":0.5,""mean_adjusted"":0.04774917969119515,""mean_control"":-0.013868958239174346},{""control_response_lambda"":1.0,""mean_adjusted"":0.0010131414218362688,""mean_control"":-0.006650373406320488}]"
log_loss_attenuation,confirmation,joint_wild_cluster_rademacher,3c58f494c94b8761a568ded4,0.006349233568771356,0.012125248267124966,1.9097184149537172,estimable,1e-06,3,estimable,1.0,-1.0,0,0,"[{""control_response_lambda"":0.0,""mean_adjusted"":-0.11319914278075166,""mean_control"":0.11737238993878225},{""control_response_lambda"":0.5,""mean_adjusted"":-0.1227962580421968,""mean_control"":0.1270045863872177},{""control_response_lambda"":1.0,""mean_adjusted"":-0.14709651694552675,""mean_control"":0.15140070052092322}]"
log_loss_attenuation,confirmation,joint_wild_cluster_rademacher,61cef129ca8cc734e59e4f58,0.02159278545274574,0.024182734855834522,1.1199451274480867,estimable,1e-06,3,estimable,1.0,-1.0,0,0,"[{""control_response_lambda"":0.0,""mean_adjusted"":0.038203807316917325,""mean_control"":0.007476559641617072},{""control_response_lambda"":0.5,""mean_adjusted"":0.02831893987200879,""mean_control"":0.019025762049469732},{""control_response_lambda"":1.0,""mean_adjusted"":0.01467994324103518,""mean_control"":0.029353399366638267}]"
log_loss_attenuation,confirmation,joint_wild_cluster_rademacher,6474bf84525b5f8901e9c847,0.02128855831057814,0.05559710584876438,2.611595629805451,estimable,1e-06,3,estimable,1.0,-0.5,0,0,"[{""control_response_lambda"":0.0,""mean_adjusted"":-0.08177247648978091,""mean_control"":-0.028225502875282606},{""control_response_lambda"":0.5,""mean_adjusted"":-0.07989317001314396,""mean_control"":-0.020650266146441634},{""control_response_lambda"":1.0,""mean_adjusted"":-0.08197227196638764,""mean_control"":-0.01428988556707686}]"
log_loss_attenuation,confirmation,joint_wild_cluster_rademacher,7e1bf2a0d61851cecd7b6046,0.1152222457871421,0.04283078121129805,0.3717231938910674,estimable,1e-06,3,estimable,1.0,0.5,0,0,"[{""control_response_lambda"":0.0,""mean_adjusted"":0.5072311499262797,""mean_control"":-0.016870759113102197},{""control_response_lambda"":0.5,""mean_adjusted"":0.528004523077788,""mean_control"":-0.007593606516863655},{""control_response_lambda"":1.0,""mean_adjusted"":0.5279965202785126,""mean_control"":-0.004594354814405294}]"
log_loss_attenuation,confirmation,joint_wild_cluster_rademacher,abf87c205565392f1e00275c,0.025864681214145042,0.020597846267748396,0.796369616822639,estimable,1e-06,3,estimable,1.0,-1.0,0,0,"[{""control_response_lambda"":0.0,""mean_adjusted"":0.0035868513767687645,""mean_control"":0.011688840974633718},{""control_response_lambda"":0.5,""mean_adjusted"":-0.002385386247632132,""mean_control"":0.016849621695338334},{""control_response_lambda"":1.0,""mean_adjusted"":-0.018631437392465658,""mean_control"":0.032369146589441934}]"
log_loss_attenuation,confirmation,joint_wild_cluster_rademacher,c7bb703a3930eb4a7b9b0754,0.07511311507493801,0.03972727117162901,0.5288992625588002,estimable,1e-06,3,estimable,0.5,-0.5,0,0,"[{""control_response_lambda"":0.0,""mean_adjusted"":-0.013013212088544139,""mean_control"":-0.016087950487337688},{""control_response_lambda"":0.5,""mean_adjusted"":0.0010559475759432575,""mean_control"":-0.007901171231667977},{""control_response_lambda"":1.0,""mean_adjusted"":-0.04330561922618023,""mean_control"":-0.008034306049436099}]"
log_loss_attenuation,discovery,joint_empirical_cluster_bootstrap,3c58f494c94b8761a568ded4,0.005673953258756815,0.007030260111608751,1.239040892830532,estimable,1e-06,3,estimable,1.0,-1.0,0,0,"[{""control_response_lambda"":0.0,""mean_adjusted"":0.003011739644523766,""mean_control"":0.0032211739202523348},{""control_response_lambda"":0.5,""mean_adjusted"":-0.008408405327429444,""mean_control"":0.01471745154426562},{""control_response_lambda"":1.0,""mean_adjusted"":-0.0215639109758267,""mean_control"":0.02779426778998753}]"
log_loss_attenuation,discovery,joint_empirical_cluster_bootstrap,61cef129ca8cc734e59e4f58,0.04690838572392944,0.020127976670072482,0.42909122451008946,estimable,1e-06,3,estimable,1.0,-1.0,0,0,"[{""control_response_lambda"":0.0,""mean_adjusted"":0.06729359057814602,""mean_control"":0.04179716180154485},{""control_response_lambda"":0.5,""mean_adjusted"":0.045500960862873356,""mean_control"":0.06552202847362391},{""control_response_lambda"":1.0,""mean_adjusted"":0.029652676203383948,""mean_control"":0.09509855900857235}]"
log_loss_attenuation,discovery,joint_empirical_cluster_bootstrap,6474bf84525b5f8901e9c847,0.025898443437052478,0.03983713435463783,1.5382057401041909,estimable,1e-06,3,estimable,1.0,-1.0,0,0,"[{""control_response_lambda"":0.0,""mean_adjusted"":0.0295720903850932,""mean_control"":-0.000389210443064158},{""control_response_lambda"":0.5,""mean_adjusted"":0.020629939524084984,""mean_control"":0.01313696034322964},{""control_response_lambda"":1.0,""mean_adjusted"":0.009615067626532357,""mean_control"":0.02354961023497665}]"
log_loss_attenuation,discovery,joint_empirical_cluster_bootstrap,7e1bf2a0d61851cecd7b6046,0.7646496492234157,0.6574697149762871,0.8598313170535272,estimable,1e-06,3,estimable,1.0,0.5,0,0,"[{""control_response_lambda"":0.0,""mean_adjusted"":0.7697814723215225,""mean_control"":-0.012411559758603367},{""control_response_lambda"":0.5,""mean_adjusted"":0.7659529543878711,""mean_control"":-0.0030509585950008757},{""control_response_lambda"":1.0,""mean_adjusted"":0.7761978319496055,""mean_control"":0.004470293776306625}]"
log_loss_attenuation,discovery,joint_empirical_cluster_bootstrap,abf87c205565392f1e00275c,0.009809495773868792,0.011098407124097391,1.131394251033992,estimable,1e-06,3,estimable,1.0,-1.0,0,0,"[{""control_response_lambda"":0.0,""mean_adjusted"":0.01222894373734599,""mean_control"":-0.020225679246763936},{""control_response_lambda"":0.5,""mean_adjusted"":0.007511015823642304,""mean_control"":-0.015029283507602886},{""control_response_lambda"":1.0,""mean_adjusted"":0.0014239112217951265,""mean_control"":-0.005089696119046519}]"
log_loss_attenuation,discovery,joint_empirical_cluster_bootstrap,c7bb703a3930eb4a7b9b0754,0.0661454573337243,0.008950024390878695,0.1353082245047162,estimable,1e-06,3,estimable,1.0,-0.5,0,0,"[{""control_response_lambda"":0.0,""mean_adjusted"":-0.18241339080411373,""mean_control"":-0.013867444251145656},{""control_response_lambda"":0.5,""mean_adjusted"":-0.22127682110369795,""mean_control"":-0.012237922305061303},{""control_response_lambda"":1.0,""mean_adjusted"":-0.1876472983265117,""mean_control"":-0.0026192537181543287}]"
log_loss_attenuation,discovery,joint_gaussian_regularized_cluster,3c58f494c94b8761a568ded4,0.006159104151100565,0.011773427171987257,1.9115486413528946,estimable,1e-06,3,estimable,1.0,-1.0,0,0,"[{""control_response_lambda"":0.0,""mean_adjusted"":-0.13045312127008904,""mean_control"":0.1393901294661908},{""control_response_lambda"":0.5,""mean_adjusted"":-0.14207598813730735,""mean_control"":0.15101283026098677},{""control_response_lambda"":1.0,""mean_adjusted"":-0.16728584094721421,""mean_control"":0.17628716434455208}]"
log_loss_attenuation,discovery,joint_gaussian_regularized_cluster,61cef129ca8cc734e59e4f58,0.07410706721017048,0.05177304734332644,0.6986249664488287,estimable,1e-06,3,estimable,1.0,-1.0,0,0,"[{""control_response_lambda"":0.0,""mean_adjusted"":0.06905212844644742,""mean_control"":0.020288270743383807},{""control_response_lambda"":0.5,""mean_adjusted"":0.03567063205924647,""mean_control"":0.051240105538511466},{""control_response_lambda"":1.0,""mean_adjusted"":0.0040478576810950885,""mean_control"":0.08622957902696222}]"
log_loss_attenuation,discovery,joint_gaussian_regularized_cluster,6474bf84525b5f8901e9c847,0.04166625524584436,0.06124608034689342,1.469920442466494,estimable,1e-06,3,estimable,1.0,-1.0,0,0,"[{""control_response_lambda"":0.0,""mean_adjusted"":0.15230272055992353,""mean_control"":-0.003341068899843534},{""control_response_lambda"":0.5,""mean_adjusted"":0.137203243863843,""mean_control"":0.004706226123396199},{""control_response_lambda"":1.0,""mean_adjusted"":0.11956084706996704,""mean_control"":0.011421933122219882}]"
log_loss_attenuation,discovery,joint_gaussian_regularized_cluster,7e1bf2a0d61851cecd7b6046,0.7893891562496599,0.5061423749236096,0.6411823254936277,estimable,1e-06,3,estimable,1.0,0.5,0,0,"[{""control_response_lambda"":0.0,""mean_adjusted"":0.9411424362866669,""mean_control"":0.0011228731116209158},{""control_response_lambda"":0.5,""mean_adjusted"":0.9455052304035664,""mean_control"":0.014528730927961189},{""control_response_lambda"":1.0,""mean_adjusted"":0.9412622146037033,""mean_control"":0.024858086052833624}]"
log_loss_attenuation,discovery,joint_gaussian_regularized_cluster,abf87c205565392f1e00275c,0.003431368273519696,0.006770991755552334,1.9732629131664288,estimable,1e-06,3,estimable,1.0,-0.5,0,0,"[{""control_response_lambda"":0.0,""mean_adjusted"":-0.017371150466562582,""mean_control"":-0.020889105453643603},{""control_response_lambda"":0.5,""mean_adjusted"":-0.01729429511615568,""mean_control"":-0.017724732582303962},{""control_response_lambda"":1.0,""mean_adjusted"":-0.023331687718083315,""mean_control"":-0.013285116094274832}]"
log_loss_attenuation,discovery,joint_gaussian_regularized_cluster,c7bb703a3930eb4a7b9b0754,0.0334703573968851,0.04237110570523016,1.2659292879009831,estimable,1e-06,3,estimable,1.0,-0.5,0,0,"[{""control_response_lambda"":0.0,""mean_adjusted"":-0.7336618254773087,""mean_control"":-0.04643188999593059},{""control_response_lambda"":0.5,""mean_adjusted"":-0.7167935384646053,""mean_control"":-0.040397884904257046},{""control_response_lambda"":1.0,""mean_adjusted"":-0.7388067486525322,""mean_control"":-0.039371183739653356}]"
log_loss_attenuation,discovery,joint_wild_cluster_rademacher,3c58f494c94b8761a568ded4,0.0061532181036905885,0.011762914380078553,1.9116686881330227,estimable,1e-06,3,estimable,1.0,-1.0,0,0,"[{""control_response_lambda"":0.0,""mean_adjusted"":-0.12134361307668075,""mean_control"":0.13044235879635402},{""control_response_lambda"":0.5,""mean_adjusted"":-0.12923207610303153,""mean_control"":0.13820907886426925},{""control_response_lambda"":1.0,""mean_adjusted"":-0.14529673056212958,""mean_control"":0.15427754430354026}]"
log_loss_attenuation,discovery,joint_wild_cluster_rademacher,61cef129ca8cc734e59e4f58,0.05933221669496732,0.05268339120091706,0.8879390343995991,estimable,1e-06,3,estimable,1.0,-1.0,0,0,"[{""control_response_lambda"":0.0,""mean_adjusted"":0.02680387912564003,""mean_control"":0.009466889502048015},{""control_response_lambda"":0.5,""mean_adjusted"":0.002726847939363928,""mean_control"":0.03482574701105271},{""control_response_lambda"":1.0,""mean_adjusted"":-0.023142432788049644,""mean_control"":0.06082327821898218}]"
log_loss_attenuation,discovery,joint_wild_cluster_rademacher,6474bf84525b5f8901e9c847,0.034890735071766925,0.05132223453834756,1.4709416248405947,estimable,1e-06,3,estimable,1.0,-1.0,0,0,"[{""control_response_lambda"":0.0,""mean_adjusted"":0.05945176327602774,""mean_control"":-0.005538056218017122},{""control_response_lambda"":0.5,""mean_adjusted"":0.041720520953978595,""mean_control"":-0.0006829710226102268},{""control_response_lambda"":1.0,""mean_adjusted"":0.041489703128853854,""mean_control"":0.009290696372321362}]"
log_loss_attenuation,discovery,joint_wild_cluster_rademacher,7e1bf2a0d61851cecd7b6046,0.7611023078670948,0.543496296891107,0.7140909852371824,estimable,1e-06,3,estimable,1.0,-0.5,0,0,"[{""control_response_lambda"":0.0,""mean_adjusted"":0.9424711955802131,""mean_control"":0.0002619997307162811},{""control_response_lambda"":0.5,""mean_adjusted"":0.9466595672700676,""mean_control"":0.010923428988219838},{""control_response_lambda"":1.0,""mean_adjusted"":0.9221985285883371,""mean_control"":0.015683595133321612}]"
log_loss_attenuation,discovery,joint_wild_cluster_rademacher,abf87c205565392f1e00275c,0.00496592933867988,0.008321648175999627,1.6757484064829276,estimable,1e-06,3,estimable,1.0,-1.0,0,0,"[{""control_response_lambda"":0.0,""mean_adjusted"":-0.0018712489577805422,""mean_control"":-0.013984452678276284},{""control_response_lambda"":0.5,""mean_adjusted"":-0.005359436262443246,""mean_control"":-0.011998798006872154},{""control_response_lambda"":1.0,""mean_adjusted"":-0.008413361746471634,""mean_control"":-0.008943451045143288}]"
log_loss_attenuation,discovery,joint_wild_cluster_rademacher,c7bb703a3930eb4a7b9b0754,0.036120052448029905,0.012399258157168237,0.34327907399936597,estimable,1e-06,3,estimable,1.0,-0.5,0,0,"[{""control_response_lambda"":0.0,""mean_adjusted"":-0.5103377287776981,""mean_control"":-0.03525518378380036},{""control_response_lambda"":0.5,""mean_adjusted"":-0.5018907974356451,""mean_control"":-0.029304580066452954},{""control_response_lambda"":1.0,""mean_adjusted"":-0.5137723792506947,""mean_control"":-0.02247999303728414}]"
measurement_missingness_concentration,confirmation,joint_empirical_cluster_bootstrap,03ef63db7584762143dc3914,0.32890549532210467,0.0,0.0,estimable,1e-06,3,estimable,1.0,-1.0,0,0,"[{""control_response_lambda"":0.0,""mean_adjusted"":0.33807518546828896,""mean_control"":0.0},{""control_response_lambda"":0.5,""mean_adjusted"":0.1511009526705169,""mean_control"":0.17669767280029147},{""control_response_lambda"":1.0,""mean_adjusted"":-0.009329075581209682,""mean_control"":0.33012044124129253}]"
measurement_missingness_concentration,confirmation,joint_empirical_cluster_bootstrap,1cce3e5fe7c50070e58676c9,0.3384027777777778,0.0,0.0,estimable,1e-06,3,estimable,1.0,-1.0,0,0,"[{""control_response_lambda"":0.0,""mean_adjusted"":0.3515079365079365,""mean_control"":0.0},{""control_response_lambda"":0.5,""mean_adjusted"":0.14919609036796538,""mean_control"":0.19384298510404702},{""control_response_lambda"":1.0,""mean_adjusted"":-0.0026597140233503886,""mean_control"":0.34150348286908977}]"
measurement_missingness_concentration,confirmation,joint_empirical_cluster_bootstrap,1dbc920edffba9363b404b4e,0.3418150975402883,0.0,0.0,estimable,1e-06,3,estimable,1.0,-1.0,0,0,"[{""control_response_lambda"":0.0,""mean_adjusted"":0.34191176470588236,""mean_control"":0.0},{""control_response_lambda"":0.5,""mean_adjusted"":0.16493055555555555,""mean_control"":0.1875},{""control_response_lambda"":1.0,""mean_adjusted"":0.006495098039215691,""mean_control"":0.32373366013071897}]"
measurement_missingness_concentration,confirmation,joint_empirical_cluster_bootstrap,bfa569fbae807b7f50c3389f,0.3413652852077066,0.0,0.0,estimable,1e-06,3,estimable,1.0,-1.0,0,0,"[{""control_response_lambda"":0.0,""mean_adjusted"":0.34088626515097104,""mean_control"":0.0},{""control_response_lambda"":0.5,""mean_adjusted"":0.15898947882816222,""mean_control"":0.18771193908475967},{""control_response_lambda"":1.0,""mean_adjusted"":-0.001633878296057252,""mean_control"":0.3380667055718837}]"
measurement_missingness_concentration,confirmation,joint_empirical_cluster_bootstrap,d10b3aec4edc47fefb2bd92f,0.3396486266343134,0.0,0.0,estimable,1e-06,3,estimable,1.0,-1.0,0,0,"[{""control_response_lambda"":0.0,""mean_adjusted"":0.33877509390093175,""mean_control"":0.0},{""control_response_lambda"":0.5,""mean_adjusted"":0.15182830749229864,""mean_control"":0.18818499711314038},{""control_response_lambda"":1.0,""mean_adjusted"":0.0010258116057601182,""mean_control"":0.3391533927856251}]"
measurement_missingness_concentration,confirmation,joint_empirical_cluster_bootstrap,fe17c18b39eb86c6e9f982bd,0.3340479304188982,0.0,0.0,estimable,1e-06,3,estimable,1.0,-1.0,0,0,"[{""control_response_lambda"":0.0,""mean_adjusted"":0.3253124609423822,""mean_control"":0.0},{""control_response_lambda"":0.5,""mean_adjusted"":0.1488848999129678,""mean_control"":0.18416341145833334},{""control_response_lambda"":1.0,""mean_adjusted"":0.013787610344398857,""mean_control"":0.3308896019345238}]"
measurement_missingness_concentration,confirmation,joint_gaussian_regularized_cluster,03ef63db7584762143dc3914,0.3385127314814815,0.0,0.0,estimable,1e-06,3,estimable,1.0,-1.0,0,0,"[{""control_response_lambda"":0.0,""mean_adjusted"":0.34401041666666665,""mean_control"":0.0},{""control_response_lambda"":0.5,""mean_adjusted"":0.1484230324074074,""mean_control"":0.18525752314814814},{""control_response_lambda"":1.0,""mean_adjusted"":-0.0016927083333333334,""mean_control"":0.33953993055555554}]"
measurement_missingness_concentration,confirmation,joint_gaussian_regularized_cluster,1cce3e5fe7c50070e58676c9,0.3399522569444444,0.0,0.0,estimable,1e-06,3,estimable,1.0,-1.0,0,0,"[{""control_response_lambda"":0.0,""mean_adjusted"":0.3377821180555555,""mean_control"":0.0},{""control_response_lambda"":0.5,""mean_adjusted"":0.15611824156746032,""mean_control"":0.18557012648809523},{""control_response_lambda"":1.0,""mean_adjusted"":0.008014012896825394,""mean_control"":0.3323722718253968}]"
measurement_missingness_concentration,confirmation,joint_gaussian_regularized_cluster,1dbc920edffba9363b404b4e,0.33246527777777773,0.0,0.0,estimable,1e-06,3,estimable,1.0,-1.0,0,0,"[{""control_response_lambda"":0.0,""mean_adjusted"":0.333984375,""mean_control"":0.0},{""control_response_lambda"":0.5,""mean_adjusted"":0.146484375,""mean_control"":0.18967013888888887},{""control_response_lambda"":1.0,""mean_adjusted"":-0.0004340277777777738,""mean_control"":0.3276909722222222}]"
measurement_missingness_concentration,confirmation,joint_gaussian_regularized_cluster,bfa569fbae807b7f50c3389f,0.3314887152777778,0.0,0.0,estimable,1e-06,3,estimable,1.0,-1.0,0,0,"[{""control_response_lambda"":0.0,""mean_adjusted"":0.33539496527777773,""mean_control"":0.0},{""control_response_lambda"":0.5,""mean_adjusted"":0.14246961805555555,""mean_control"":0.18565538194444445},{""control_response_lambda"":1.0,""mean_adjusted"":-0.002387152777777774,""mean_control"":0.3333333333333333}]"
measurement_missingness_concentration,confirmation,joint_gaussian_regularized_cluster,d10b3aec4edc47fefb2bd92f,0.3388596442364824,0.0,0.0,estimable,1e-06,3,estimable,1.0,-1.0,0,0,"[{""control_response_lambda"":0.0,""mean_adjusted"":0.339620933600713,""mean_control"":0.0},{""control_response_lambda"":0.5,""mean_adjusted"":0.15136544674688057,""mean_control"":0.1878098540552585},{""control_response_lambda"":1.0,""mean_adjusted"":0.00040385472370766475,""mean_control"":0.3373788435828877}]"
measurement_missingness_concentration,confirmation,joint_gaussian_regularized_cluster,fe17c18b39eb86c6e9f982bd,0.33645833333333336,0.0,0.0,estimable,1e-06,3,estimable,1.0,-1.0,0,0,"[{""control_response_lambda"":0.0,""mean_adjusted"":0.32890625,""mean_control"":0.0},{""control_response_lambda"":0.5,""mean_adjusted"":0.16015625,""mean_control"":0.17994791666666668},{""control_response_lambda"":1.0,""mean_adjusted"":0.005891927083333338,""mean_control"":0.33447265625}]"
measurement_missingness_concentration,confirmation,joint_wild_cluster_rademacher,03ef63db7584762143dc3914,0.3334008487654321,0.0,0.0,estimable,1e-06,3,estimable,1.0,-1.0,0,0,"[{""control_response_lambda"":0.0,""mean_adjusted"":0.33292824074074073,""mean_control"":0.0},{""control_response_lambda"":0.5,""mean_adjusted"":0.1505642361111111,""mean_control"":0.18632812499999998},{""control_response_lambda"":1.0,""mean_adjusted"":-0.0021267361111111135,""mean_control"":0.33250868055555555}]"
measurement_missingness_concentration,confirmation,joint_wild_cluster_rademacher,1cce3e5fe7c50070e58676c9,0.33499710648148145,0.0,0.0,estimable,1e-06,3,estimable,1.0,-1.0,0,0,"[{""control_response_lambda"":0.0,""mean_adjusted"":0.3255208333333333,""mean_control"":0.0},{""control_response_lambda"":0.5,""mean_adjusted"":0.14770895337301587,""mean_control"":0.18312872023809523},{""control_response_lambda"":1.0,""mean_adjusted"":0.014702690972222222,""mean_control"":0.33393012152777773}]"
measurement_missingness_concentration,confirmation,joint_wild_cluster_rademacher,1dbc920edffba9363b404b4e,0.33347800925925924,0.0,0.0,estimable,1e-06,3,estimable,1.0,-1.0,0,0,"[{""control_response_lambda"":0.0,""mean_adjusted"":0.33637152777777773,""mean_control"":0.0},{""control_response_lambda"":0.5,""mean_adjusted"":0.14420572916666666,""mean_control"":0.18522135416666666},{""control_response_lambda"":1.0,""mean_adjusted"":0.0008680555555555582,""mean_control"":0.3337673611111111}]"
measurement_missingness_concentration,confirmation,joint_wild_cluster_rademacher,bfa569fbae807b7f50c3389f,0.33326099537037035,0.0,0.0,estimable,1e-06,3,estimable,1.0,-1.0,0,0,"[{""control_response_lambda"":0.0,""mean_adjusted"":0.3260633680555555,""mean_control"":0.0},{""control_response_lambda"":0.5,""mean_adjusted"":0.15907118055555555,""mean_control"":0.18419053819444442},{""control_response_lambda"":1.0,""mean_adjusted"":-0.003282335069444444,""mean_control"":0.333740234375}]"
measurement_missingness_concentration,confirmation,joint_wild_cluster_rademacher,d10b3aec4edc47fefb2bd92f,0.334018029560309,0.0,0.0,estimable,1e-06,3,estimable,1.0,-1.0,0,0,"[{""control_response_lambda"":0.0,""mean_adjusted"":0.3358539438502674,""mean_control"":0.0},{""control_response_lambda"":0.5,""mean_adjusted"":0.14047529523172905,""mean_control"":0.19149328765597148},{""control_response_lambda"":1.0,""mean_adjusted"":0.0002088903743315515,""mean_control"":0.3340226715686274}]"
measurement_missingness_concentration,confirmation,joint_wild_cluster_rademacher,fe17c18b39eb86c6e9f982bd,0.33619791666666665,0.0,0.0,estimable,1e-06,3,estimable,1.0,-1.0,0,0,"[{""control_response_lambda"":0.0,""mean_adjusted"":0.33697916666666666,""mean_control"":0.0},{""control_response_lambda"":0.5,""mean_adjusted"":0.14733072916666667,""mean_control"":0.18600260416666667},{""control_response_lambda"":1.0,""mean_adjusted"":0.0015950520833333398,""mean_control"":0.33668619791666665}]"
measurement_missingness_concentration,discovery,joint_empirical_cluster_bootstrap,03ef63db7584762143dc3914,0.3357584500613347,0.0,0.0,estimable,1e-06,3,estimable,1.0,-1.0,0,0,"[{""control_response_lambda"":0.0,""mean_adjusted"":0.33840106773680073,""mean_control"":0.0},{""control_response_lambda"":0.5,""mean_adjusted"":0.14963673077190137,""mean_control"":0.1822089947089947},{""control_response_lambda"":1.0,""mean_adjusted"":0.0014629481410977458,""mean_control"":0.3355586728208119}]"
measurement_missingness_concentration,discovery,joint_empirical_cluster_bootstrap,1cce3e5fe7c50070e58676c9,0.3391949542613403,0.0,0.0,estimable,1e-06,3,estimable,1.0,-1.0,0,0,"[{""control_response_lambda"":0.0,""mean_adjusted"":0.3277288536217108,""mean_control"":0.0},{""control_response_lambda"":0.5,""mean_adjusted"":0.17115224863027598,""mean_control"":0.180553776464421},{""control_response_lambda"":1.0,""mean_adjusted"":0.013651277926569755,""mean_control"":0.32463661770568386}]"
measurement_missingness_concentration,discovery,joint_empirical_cluster_bootstrap,1dbc920edffba9363b404b4e,0.3398637458596808,0.0,0.0,estimable,1e-06,3,estimable,1.0,-1.0,0,0,"[{""control_response_lambda"":0.0,""mean_adjusted"":0.3417639429312581,""mean_control"":0.0},{""control_response_lambda"":0.5,""mean_adjusted"":0.14156869525126786,""mean_control"":0.1918222683264177},{""control_response_lambda"":1.0,""mean_adjusted"":0.003761574074074074,""mean_control"":0.34056712962962965}]"
measurement_missingness_concentration,discovery,joint_empirical_cluster_bootstrap,bfa569fbae807b7f50c3389f,0.34154551041064196,0.0,0.0,estimable,1e-06,3,estimable,1.0,-1.0,0,0,"[{""control_response_lambda"":0.0,""mean_adjusted"":0.34960336302928896,""mean_control"":0.0},{""control_response_lambda"":0.5,""mean_adjusted"":0.15969481377401223,""mean_control"":0.18658521027318736},{""control_response_lambda"":1.0,""mean_adjusted"":-0.003113822452057746,""mean_control"":0.3321161926308985}]"
measurement_missingness_concentration,discovery,joint_empirical_cluster_bootstrap,d10b3aec4edc47fefb2bd92f,0.3413204567541302,0.0,0.0,estimable,1e-06,3,estimable,1.0,-1.0,0,0,"[{""control_response_lambda"":0.0,""mean_adjusted"":0.33997050147492625,""mean_control"":0.0},{""control_response_lambda"":0.5,""mean_adjusted"":0.14813790560471976,""mean_control"":0.19513888888888886},{""control_response_lambda"":1.0,""mean_adjusted"":0.010016025641025642,""mean_control"":0.3358573717948718}]"
measurement_missingness_concentration,discovery,joint_empirical_cluster_bootstrap,fe17c18b39eb86c6e9f982bd,0.33490939095777805,0.0,0.0,estimable,1e-06,3,estimable,1.0,-1.0,0,0,"[{""control_response_lambda"":0.0,""mean_adjusted"":0.34331406191719505,""mean_control"":0.0},{""control_response_lambda"":0.5,""mean_adjusted"":0.1516412010998625,""mean_control"":0.18499271453373015},{""control_response_lambda"":1.0,""mean_adjusted"":-0.013319812259107298,""mean_control"":0.33838743179563496}]"
measurement_missingness_concentration,discovery,joint_gaussian_regularized_cluster,03ef63db7584762143dc3914,0.3408275462962963,0.0,0.0,estimable,1e-06,3,estimable,1.0,-1.0,0,0,"[{""control_response_lambda"":0.0,""mean_adjusted"":0.3405092592592593,""mean_control"":0.0},{""control_response_lambda"":0.5,""mean_adjusted"":0.16418547453703705,""mean_control"":0.18347077546296298},{""control_response_lambda"":1.0,""mean_adjusted"":0.001359953703703696,""mean_control"":0.33295717592592594}]"
measurement_missingness_concentration,discovery,joint_gaussian_regularized_cluster,1cce3e5fe7c50070e58676c9,0.3402777777777778,0.0,0.0,estimable,1e-06,3,estimable,1.0,-1.0,0,0,"[{""control_response_lambda"":0.0,""mean_adjusted"":0.3375651041666667,""mean_control"":0.0},{""control_response_lambda"":0.5,""mean_adjusted"":0.162353515625,""mean_control"":0.18465169270833334},{""control_response_lambda"":1.0,""mean_adjusted"":-8.138020833333333e-05,""mean_control"":0.3363444010416667}]"
measurement_missingness_concentration,discovery,joint_gaussian_regularized_cluster,1dbc920edffba9363b404b4e,0.34157986111111105,0.0,0.0,estimable,1e-06,3,estimable,1.0,-1.0,0,0,"[{""control_response_lambda"":0.0,""mean_adjusted"":0.34429253472222227,""mean_control"":0.0},{""control_response_lambda"":0.5,""mean_adjusted"":0.15071614583333334,""mean_control"":0.19173177083333334},{""control_response_lambda"":1.0,""mean_adjusted"":0.005316840277777774,""mean_control"":0.3326822916666667}]"
measurement_missingness_concentration,discovery,joint_gaussian_regularized_cluster,bfa569fbae807b7f50c3389f,0.33774594907407407,0.0,0.0,estimable,1e-06,3,estimable,1.0,-1.0,0,0,"[{""control_response_lambda"":0.0,""mean_adjusted"":0.3360677083333334,""mean_control"":0.0},{""control_response_lambda"":0.5,""mean_adjusted"":0.14792751736111112,""mean_control"":0.18768446180555554},{""control_response_lambda"":1.0,""mean_adjusted"":0.005121527777777779,""mean_control"":0.33643663194444445}]"
measurement_missingness_concentration,discovery,joint_gaussian_regularized_cluster,d10b3aec4edc47fefb2bd92f,0.3411699459876543,0.0,0.0,estimable,1e-06,3,estimable,1.0,-1.0,0,0,"[{""control_response_lambda"":0.0,""mean_adjusted"":0.3429542824074074,""mean_control"":0.0},{""control_response_lambda"":0.5,""mean_adjusted"":0.15107783564814814,""mean_control"":0.19028501157407407},{""control_response_lambda"":1.0,""mean_adjusted"":0.0071252893518518505,""mean_control"":0.33206741898148145}]"
measurement_missingness_concentration,discovery,joint_gaussian_regularized_cluster,fe17c18b39eb86c6e9f982bd,0.33689236111111115,0.0,0.0,estimable,1e-06,3,estimable,1.0,-1.0,0,0,"[{""control_response_lambda"":0.0,""mean_adjusted"":0.3424479166666667,""mean_control"":0.0},{""control_response_lambda"":0.5,""mean_adjusted"":0.15358072916666668,""mean_control"":0.17897135416666668},{""control_response_lambda"":1.0,""mean_adjusted"":0.0040364583333333355,""mean_control"":0.331640625}]"
measurement_missingness_concentration,discovery,joint_wild_cluster_rademacher,03ef63db7584762143dc3914,0.3339409722222222,0.0,0.0,estimable,1e-06,3,estimable,1.0,-1.0,0,0,"[{""control_response_lambda"":0.0,""mean_adjusted"":0.33368055555555554,""mean_control"":0.0},{""control_response_lambda"":0.5,""mean_adjusted"":0.14659288194444445,""mean_control"":0.18436776620370368},{""control_response_lambda"":1.0,""mean_adjusted"":0.003559027777777777,""mean_control"":0.3336226851851852}]"
measurement_missingness_concentration,discovery,joint_wild_cluster_rademacher,1cce3e5fe7c50070e58676c9,0.3409288194444444,0.0,0.0,estimable,1e-06,3,estimable,1.0,-1.0,0,0,"[{""control_response_lambda"":0.0,""mean_adjusted"":0.3382161458333333,""mean_control"":0.0},{""control_response_lambda"":0.5,""mean_adjusted"":0.1591796875,""mean_control"":0.18001302083333334},{""control_response_lambda"":1.0,""mean_adjusted"":0.0146484375,""mean_control"":0.3307291666666667}]"
measurement_missingness_concentration,discovery,joint_wild_cluster_rademacher,1dbc920edffba9363b404b4e,0.33857783564814814,0.0,0.0,estimable,1e-06,3,estimable,1.0,-1.0,0,0,"[{""control_response_lambda"":0.0,""mean_adjusted"":0.3325737847222222,""mean_control"":0.0},{""control_response_lambda"":0.5,""mean_adjusted"":0.15397135416666666,""mean_control"":0.18522135416666666},{""control_response_lambda"":1.0,""mean_adjusted"":0.009602864583333337,""mean_control"":0.3343641493055556}]"
measurement_missingness_concentration,discovery,joint_wild_cluster_rademacher,bfa569fbae807b7f50c3389f,0.3404875578703704,0.0,0.0,estimable,1e-06,3,estimable,1.0,-1.0,0,0,"[{""control_response_lambda"":0.0,""mean_adjusted"":0.3395182291666667,""mean_control"":0.0},{""control_response_lambda"":0.5,""mean_adjusted"":0.14488932291666665,""mean_control"":0.19009331597222223},{""control_response_lambda"":1.0,""mean_adjusted"":0.013780381944444448,""mean_control"":0.3331814236111111}]"
measurement_missingness_concentration,discovery,joint_wild_cluster_rademacher,d10b3aec4edc47fefb2bd92f,0.3327787422839506,0.0,0.0,estimable,1e-06,3,estimable,1.0,-1.0,0,0,"[{""control_response_lambda"":0.0,""mean_adjusted"":0.33015046296296297,""mean_control"":0.0},{""control_response_lambda"":0.5,""mean_adjusted"":0.14539930555555555,""mean_control"":0.18952546296296294},{""control_response_lambda"":1.0,""mean_adjusted"":0.0009042245370370376,""mean_control"":0.3323567708333333}]"
measurement_missingness_concentration,discovery,joint_wild_cluster_rademacher,fe17c18b39eb86c6e9f982bd,0.3301215277777778,0.0,0.0,estimable,1e-06,3,estimable,1.0,-1.0,0,0,"[{""control_response_lambda"":0.0,""mean_adjusted"":0.32265625000000003,""mean_control"":0.0},{""control_response_lambda"":0.5,""mean_adjusted"":0.15015190972222223,""mean_control"":0.18838975694444446},{""control_response_lambda"":1.0,""mean_adjusted"":0.0012803819444444449,""mean_control"":0.3278862847222222}]"
relation_separation_attenuation,confirmation,joint_empirical_cluster_bootstrap,5664a919a73350d749e027dc,0.027227280248264485,0.04228668279433065,1.5530997737839085,estimable,1e-06,3,estimable,0.5,-1.0,0,0,"[{""control_response_lambda"":0.0,""mean_adjusted"":0.06740748768200014,""mean_control"":0.06858472676628385},{""control_response_lambda"":0.5,""mean_adjusted"":0.04715740709956256,""mean_control"":0.06456398927805275},{""control_response_lambda"":1.0,""mean_adjusted"":0.026688448708768714,""mean_control"":0.07117589032072787}]"
relation_separation_attenuation,confirmation,joint_empirical_cluster_bootstrap,571870560547b22e35e1ccb9,0.06185677538869863,0.13585069444444442,2.196213649851276,estimable,1e-06,3,estimable,1.0,-1.0,0,0,"[{""control_response_lambda"":0.0,""mean_adjusted"":0.10166107171916285,""mean_control"":0.014230632136321317},{""control_response_lambda"":0.5,""mean_adjusted"":0.10136424190134943,""mean_control"":0.019565473842660514},{""control_response_lambda"":1.0,""mean_adjusted"":0.08719406896187042,""mean_control"":0.03318579083600424}]"
relation_separation_attenuation,confirmation,joint_empirical_cluster_bootstrap,71a9a769187d88ddfc17abe2,0.01405290490738702,0.003263157446449005,0.23220518945756907,estimable,1e-06,3,estimable,1.0,-1.0,0,0,"[{""control_response_lambda"":0.0,""mean_adjusted"":-0.020132595730286272,""mean_control"":0.031056160436363594},{""control_response_lambda"":0.5,""mean_adjusted"":-0.02973206109058966,""mean_control"":0.041205422069788576},{""control_response_lambda"":1.0,""mean_adjusted"":-0.05334963420461759,""mean_control"":0.06411222445766997}]"
relation_separation_attenuation,confirmation,joint_empirical_cluster_bootstrap,aa0c3dea0cb178601665f0a3,0.03892890870420191,0.09996880070561286,2.5679836407749703,estimable,1e-06,3,estimable,1.0,-1.0,0,0,"[{""control_response_lambda"":0.0,""mean_adjusted"":0.10330750206676709,""mean_control"":0.002286293607663256},{""control_response_lambda"":0.5,""mean_adjusted"":0.09335485553346205,""mean_control"":0.009750541748203865},{""control_response_lambda"":1.0,""mean_adjusted"":0.08946703737084492,""mean_control"":0.018952642108727172}]"
relation_separation_attenuation,confirmation,joint_empirical_cluster_bootstrap,c6528334f0026fa6a5d60d51,0.017853499792683563,0.017053786261755337,0.9552069039563912,estimable,1e-06,3,estimable,1.0,-1.0,0,0,"[{""control_response_lambda"":0.0,""mean_adjusted"":0.016466528138916584,""mean_control"":0.004799398921608845},{""control_response_lambda"":0.5,""mean_adjusted"":0.004932692226419938,""mean_control"":0.017270444903536495},{""control_response_lambda"":1.0,""mean_adjusted"":-0.007454330960684124,""mean_control"":0.02896774317211098}]"
relation_separation_attenuation,confirmation,joint_empirical_cluster_bootstrap,f4f4a9de74337511940dbe01,0.02782059365039832,0.018143936808933836,0.6521764789398756,estimable,1e-06,3,estimable,1.0,-1.0,0,0,"[{""control_response_lambda"":0.0,""mean_adjusted"":0.023308389664502365,""mean_control"":0.006013510336931826},{""control_response_lambda"":0.5,""mean_adjusted"":0.01598145756960591,""mean_control"":0.013169135391766186},{""control_response_lambda"":1.0,""mean_adjusted"":0.006508772438645918,""mean_control"":0.023082878485008285}]"
relation_separation_attenuation,confirmation,joint_gaussian_regularized_cluster,5664a919a73350d749e027dc,0.02564594045356652,0.04882337275518827,1.9037466316973577,estimable,1e-06,3,estimable,1.0,-1.0,0,0,"[{""control_response_lambda"":0.0,""mean_adjusted"":0.06052615540406698,""mean_control"":-0.03953288830577013},{""control_response_lambda"":0.5,""mean_adjusted"":0.02736585871083899,""mean_control"":-0.02946316697850999},{""control_response_lambda"":1.0,""mean_adjusted"":0.022746655852057308,""mean_control"":-0.021727267826930716}]"
relation_separation_attenuation,confirmation,joint_gaussian_regularized_cluster,571870560547b22e35e1ccb9,0.03897818951318869,0.10346258354061402,2.6543711966305246,estimable,1e-06,3,estimable,1.0,-0.5,0,0,"[{""control_response_lambda"":0.0,""mean_adjusted"":0.06242323937468105,""mean_control"":0.052207099812178526},{""control_response_lambda"":0.5,""mean_adjusted"":0.031822034254508594,""mean_control"":0.06990987748104179},{""control_response_lambda"":1.0,""mean_adjusted"":0.03361002883047607,""mean_control"":0.07664961718780615}]"
relation_separation_attenuation,confirmation,joint_gaussian_regularized_cluster,71a9a769187d88ddfc17abe2,0.012199596634702763,0.006392176747353164,0.5239662374713348,estimable,1e-06,3,estimable,1.0,-1.0,0,0,"[{""control_response_lambda"":0.0,""mean_adjusted"":-0.08391877668684437,""mean_control"":0.09220663793885871},{""control_response_lambda"":0.5,""mean_adjusted"":-0.10190796005388791,""mean_control"":0.11032933298741443},{""control_response_lambda"":1.0,""mean_adjusted"":-0.11524401194123295,""mean_control"":0.12345335578755035}]"
relation_separation_attenuation,confirmation,joint_gaussian_regularized_cluster,aa0c3dea0cb178601665f0a3,0.0353335988860153,0.03711166171925083,1.0503221548128026,estimable,1e-06,3,estimable,0.5,-0.5,0,0,"[{""control_response_lambda"":0.0,""mean_adjusted"":0.06526927694063377,""mean_control"":-0.004114303804856779},{""control_response_lambda"":0.5,""mean_adjusted"":0.04954897806183117,""mean_control"":0.006107391270091092},{""control_response_lambda"":1.0,""mean_adjusted"":0.05181641789438388,""mean_control"":0.005032405552347872}]"
relation_separation_attenuation,confirmation,joint_gaussian_regularized_cluster,c6528334f0026fa6a5d60d51,0.02326679166446697,0.029367090220051833,1.2621890737475951,estimable,1e-06,3,estimable,1.0,-1.0,0,0,"[{""control_response_lambda"":0.0,""mean_adjusted"":0.02636331147793605,""mean_control"":0.005453512203772896},{""control_response_lambda"":0.5,""mean_adjusted"":0.012039874082494385,""mean_control"":0.01741116360597227},{""control_response_lambda"":1.0,""mean_adjusted"":0.0025992525638080257,""mean_control"":0.02936424631762001}]"
relation_separation_attenuation,confirmation,joint_gaussian_regularized_cluster,f4f4a9de74337511940dbe01,0.02994119172329035,0.032638201284392356,1.0900768942675079,estimable,1e-06,3,estimable,1.0,-1.0,0,0,"[{""control_response_lambda"":0.0,""mean_adjusted"":0.019827955106103478,""mean_control"":0.010892240954661604},{""control_response_lambda"":0.5,""mean_adjusted"":0.007158448152141061,""mean_control"":0.023327045097143107},{""control_response_lambda"":1.0,""mean_adjusted"":-0.0033170321577826248,""mean_control"":0.03317235760948311}]"
relation_separation_attenuation,confirmation,joint_wild_cluster_rademacher,5664a919a73350d749e027dc,0.026560798922166274,0.045150646491485924,1.6998979068286053,estimable,1e-06,3,estimable,1.0,-1.0,0,0,"[{""control_response_lambda"":0.0,""mean_adjusted"":0.07614478537246445,""mean_control"":-0.008492171105224017},{""control_response_lambda"":0.5,""mean_adjusted"":0.05346509702075148,""mean_control"":-0.006413521834602971},{""control_response_lambda"":1.0,""mean_adjusted"":0.04894858898748555,""mean_control"":0.00976869509853436}]"
relation_separation_attenuation,confirmation,joint_wild_cluster_rademacher,571870560547b22e35e1ccb9,0.04311539894101499,0.1867229136313756,4.330770866502387,estimable,1e-06,3,estimable,1.0,-0.5,0,0,"[{""control_response_lambda"":0.0,""mean_adjusted"":0.056371276425444226,""mean_control"":0.04430056352361234},{""control_response_lambda"":0.5,""mean_adjusted"":0.059326354086791926,""mean_control"":0.054223133295614234},{""control_response_lambda"":1.0,""mean_adjusted"":0.04572582571685609,""mean_control"":0.0685048181244798}]"
relation_separation_attenuation,confirmation,joint_wild_cluster_rademacher,71a9a769187d88ddfc17abe2,0.012183954308904872,0.006381495156692818,0.5237622363725364,estimable,1e-06,3,estimable,1.0,-1.0,0,0,"[{""control_response_lambda"":0.0,""mean_adjusted"":-0.049814620460941844,""mean_control"":0.05812712079112991},{""control_response_lambda"":0.5,""mean_adjusted"":-0.07218519574406244,""mean_control"":0.0802835354661003},{""control_response_lambda"":1.0,""mean_adjusted"":-0.08286091126737323,""mean_control"":0.09117104275973904}]"
relation_separation_attenuation,confirmation,joint_wild_cluster_rademacher,aa0c3dea0cb178601665f0a3,0.033398155388140005,0.05840488903726247,1.7487459519396868,estimable,1e-06,3,estimable,1.0,-1.0,0,0,"[{""control_response_lambda"":0.0,""mean_adjusted"":0.047940376634511506,""mean_control"":-0.009540366541612142},{""control_response_lambda"":0.5,""mean_adjusted"":0.03446430341489664,""mean_control"":-0.0003943841020147587},{""control_response_lambda"":1.0,""mean_adjusted"":0.025185215225036004,""mean_control"":0.010185687434797471}]"
relation_separation_attenuation,confirmation,joint_wild_cluster_rademacher,c6528334f0026fa6a5d60d51,0.021600948767853123,0.018755906671263686,0.8682908733701793,estimable,1e-06,3,estimable,1.0,-1.0,0,0,"[{""control_response_lambda"":0.0,""mean_adjusted"":0.02229051789564572,""mean_control"":0.007206204070108833},{""control_response_lambda"":0.5,""mean_adjusted"":0.009837049732035023,""mean_control"":0.019359494441519538},{""control_response_lambda"":1.0,""mean_adjusted"":-0.0020377451827895397,""mean_control"":0.0313402127270259}]"
relation_separation_attenuation,confirmation,joint_wild_cluster_rademacher,f4f4a9de74337511940dbe01,0.03098782005604313,0.04368311673410594,1.4096866657642482,estimable,1e-06,3,estimable,1.0,-1.0,0,0,"[{""control_response_lambda"":0.0,""mean_adjusted"":0.018960139707848937,""mean_control"":0.01285801260865755},{""control_response_lambda"":0.5,""mean_adjusted"":0.006893812730971747,""mean_control"":0.024522092480633365},{""control_response_lambda"":1.0,""mean_adjusted"":-0.0060323033498850724,""mean_control"":0.03707845863901112}]"
relation_separation_attenuation,discovery,joint_empirical_cluster_bootstrap,5664a919a73350d749e027dc,0.011728196625649466,0.00561163735964182,0.4784740176822425,estimable,1e-06,3,estimable,1.0,-1.0,0,0,"[{""control_response_lambda"":0.0,""mean_adjusted"":0.012638702424595223,""mean_control"":-0.022581981537904392},{""control_response_lambda"":0.5,""mean_adjusted"":0.006963357087867593,""mean_control"":-0.013999532467510893},{""control_response_lambda"":1.0,""mean_adjusted"":0.0010011386073379668,""mean_control"":-0.00756493898256402}]"
relation_separation_attenuation,discovery,joint_empirical_cluster_bootstrap,571870560547b22e35e1ccb9,0.05920989323358042,0.032218313837001675,0.5441373405268921,estimable,1e-06,3,estimable,0.5,-1.0,0,0,"[{""control_response_lambda"":0.0,""mean_adjusted"":0.057978437534607796,""mean_control"":0.008442088712167445},{""control_response_lambda"":0.5,""mean_adjusted"":0.04967182655590188,""mean_control"":0.023199990571157056},{""control_response_lambda"":1.0,""mean_adjusted"":0.04055387574924485,""mean_control"":0.02077975477158398}]"
relation_separation_attenuation,discovery,joint_empirical_cluster_bootstrap,71a9a769187d88ddfc17abe2,0.011067604163926768,0.003720745901552469,0.3361834997387867,estimable,1e-06,3,estimable,1.0,-1.0,0,0,"[{""control_response_lambda"":0.0,""mean_adjusted"":-0.0009555393985901504,""mean_control"":0.013195090129998558},{""control_response_lambda"":0.5,""mean_adjusted"":-0.016543968819624725,""mean_control"":0.028723860229396887},{""control_response_lambda"":1.0,""mean_adjusted"":-0.040645949424834064,""mean_control"":0.05342545961117042}]"
relation_separation_attenuation,discovery,joint_empirical_cluster_bootstrap,aa0c3dea0cb178601665f0a3,0.025929004101261977,0.012993420641209076,0.5011152989318506,estimable,1e-06,3,estimable,1.0,-0.5,0,0,"[{""control_response_lambda"":0.0,""mean_adjusted"":-0.06208553782374566,""mean_control"":-0.0078149730608011},{""control_response_lambda"":0.5,""mean_adjusted"":-0.07439314780594872,""mean_control"":-0.003148345865322928},{""control_response_lambda"":1.0,""mean_adjusted"":-0.06818391451944553,""mean_control"":0.0028409828859797376}]"
relation_separation_attenuation,discovery,joint_empirical_cluster_bootstrap,c6528334f0026fa6a5d60d51,0.017524804855526346,0.054498660718118035,3.1098012883682524,estimable,1e-06,3,estimable,1.0,-1.0,0,0,"[{""control_response_lambda"":0.0,""mean_adjusted"":0.0279678248464289,""mean_control"":0.010602132048388986},{""control_response_lambda"":0.5,""mean_adjusted"":0.01993196414536417,""mean_control"":0.02134162379190684},{""control_response_lambda"":1.0,""mean_adjusted"":0.0076359622701126124,""mean_control"":0.03181341646725656}]"
relation_separation_attenuation,discovery,joint_empirical_cluster_bootstrap,f4f4a9de74337511940dbe01,0.027899888865376463,0.021304560400694082,0.7636073571293995,estimable,1e-06,3,estimable,1.0,-1.0,0,0,"[{""control_response_lambda"":0.0,""mean_adjusted"":0.022608993767312204,""mean_control"":0.004965384829094716},{""control_response_lambda"":0.5,""mean_adjusted"":0.012373888750999137,""mean_control"":0.015566426777747853},{""control_response_lambda"":1.0,""mean_adjusted"":0.0017837731239985766,""mean_control"":0.026425191289236916}]"
relation_separation_attenuation,discovery,joint_gaussian_regularized_cluster,5664a919a73350d749e027dc,0.00578371934045955,0.004518466876157254,0.7812389589080987,estimable,1e-06,3,estimable,1.0,-1.0,0,0,"[{""control_response_lambda"":0.0,""mean_adjusted"":-0.015818379133117896,""mean_control"":-0.03710256030169078},{""control_response_lambda"":0.5,""mean_adjusted"":-0.016715998396996588,""mean_control"":-0.03483889801688479},{""control_response_lambda"":1.0,""mean_adjusted"":-0.02548069755186455,""mean_control"":-0.029755510694239273}]"
relation_separation_attenuation,discovery,joint_gaussian_regularized_cluster,571870560547b22e35e1ccb9,0.047706306353478195,0.07584253525113062,1.5897800741306196,estimable,1e-06,3,estimable,1.0,-1.0,0,0,"[{""control_response_lambda"":0.0,""mean_adjusted"":0.19073968158853782,""mean_control"":0.05417011796382146},{""control_response_lambda"":0.5,""mean_adjusted"":0.15860265645393531,""mean_control"":0.08518447089188287},{""control_response_lambda"":1.0,""mean_adjusted"":0.14406714774700197,""mean_control"":0.09510705280468457}]"
relation_separation_attenuation,discovery,joint_gaussian_regularized_cluster,71a9a769187d88ddfc17abe2,0.01178491322852072,0.006165237428628065,0.5231466120350845,estimable,1e-06,3,estimable,1.0,-1.0,0,0,"[{""control_response_lambda"":0.0,""mean_adjusted"":-0.08866182113996819,""mean_control"":0.10575961505892456},{""control_response_lambda"":0.5,""mean_adjusted"":-0.11417867660653197,""mean_control"":0.1311001895811901},{""control_response_lambda"":1.0,""mean_adjusted"":-0.13017821194575163,""mean_control"":0.14730084592457823}]"
relation_separation_attenuation,discovery,joint_gaussian_regularized_cluster,aa0c3dea0cb178601665f0a3,0.015436391424820593,0.01190102527107227,0.7709719806622867,estimable,1e-06,3,estimable,1.0,-0.5,0,0,"[{""control_response_lambda"":0.0,""mean_adjusted"":-0.08606790472412125,""mean_control"":-0.017566949030539455},{""control_response_lambda"":0.5,""mean_adjusted"":-0.08508110218147587,""mean_control"":-0.012586973207481205},{""control_response_lambda"":1.0,""mean_adjusted"":-0.08962646700324782,""mean_control"":-0.008464554769014681}]"
relation_separation_attenuation,discovery,joint_gaussian_regularized_cluster,c6528334f0026fa6a5d60d51,0.043085021162104775,0.07198126991427252,1.6706796926813001,estimable,1e-06,3,estimable,1.0,-1.0,0,0,"[{""control_response_lambda"":0.0,""mean_adjusted"":0.0977305430591085,""mean_control"":0.003978865203509588},{""control_response_lambda"":0.5,""mean_adjusted"":0.0846723927691313,""mean_control"":0.020273393857778214},{""control_response_lambda"":1.0,""mean_adjusted"":0.06496285626837903,""mean_control"":0.034655843374234926}]"
relation_separation_attenuation,discovery,joint_gaussian_regularized_cluster,f4f4a9de74337511940dbe01,0.035228094778078436,0.041091913678538323,1.1664529103092114,estimable,1e-06,3,estimable,1.0,-1.0,0,0,"[{""control_response_lambda"":0.0,""mean_adjusted"":0.014053973311136695,""mean_control"":0.020936561129516893},{""control_response_lambda"":0.5,""mean_adjusted"":0.005822804530961572,""mean_control"":0.0299663114594946},{""control_response_lambda"":1.0,""mean_adjusted"":-0.006930156820531743,""mean_control"":0.041834790723657304}]"
relation_separation_attenuation,discovery,joint_wild_cluster_rademacher,5664a919a73350d749e027dc,0.0068413908505609656,0.004612809239077071,0.6742502131271801,estimable,1e-06,3,estimable,1.0,-1.0,0,0,"[{""control_response_lambda"":0.0,""mean_adjusted"":-0.00959072781239976,""mean_control"":-0.024681223477313188},{""control_response_lambda"":0.5,""mean_adjusted"":-0.013508331979723223,""mean_control"":-0.021242263539402242},{""control_response_lambda"":1.0,""mean_adjusted"":-0.018956495459620883,""mean_control"":-0.016450450153878107}]"
relation_separation_attenuation,discovery,joint_wild_cluster_rademacher,571870560547b22e35e1ccb9,0.04780470578396043,0.062159468208669355,1.3002792756341004,estimable,1e-06,3,estimable,1.0,-1.0,0,0,"[{""control_response_lambda"":0.0,""mean_adjusted"":0.1710666292512577,""mean_control"":0.06291232704188005},{""control_response_lambda"":0.5,""mean_adjusted"":0.15153329443093597,""mean_control"":0.07180612440381713},{""control_response_lambda"":1.0,""mean_adjusted"":0.14172981615381278,""mean_control"":0.09369475885083788}]"
relation_separation_attenuation,discovery,joint_wild_cluster_rademacher,71a9a769187d88ddfc17abe2,0.011767453646036728,0.006155747198016307,0.5231163328261386,estimable,1e-06,3,estimable,1.0,-1.0,0,0,"[{""control_response_lambda"":0.0,""mean_adjusted"":-0.09121427509200447,""mean_control"":0.10812979678803418},{""control_response_lambda"":0.5,""mean_adjusted"":-0.1272008678776192,""mean_control"":0.1448460849578599},{""control_response_lambda"":1.0,""mean_adjusted"":-0.1369850036498808,""mean_control"":0.1541336195722342}]"
relation_separation_attenuation,discovery,joint_wild_cluster_rademacher,aa0c3dea0cb178601665f0a3,0.015964839954169245,0.010886776523400706,0.681922058389167,estimable,1e-06,3,estimable,1.0,-0.5,0,0,"[{""control_response_lambda"":0.0,""mean_adjusted"":-0.07739588882243087,""mean_control"":0.0008556770020425579},{""control_response_lambda"":0.5,""mean_adjusted"":-0.08748801161359711,""mean_control"":0.004585661564977225},{""control_response_lambda"":1.0,""mean_adjusted"":-0.08475210792294047,""mean_control"":0.007930112456122443}]"
relation_separation_attenuation,discovery,joint_wild_cluster_rademacher,c6528334f0026fa6a5d60d51,0.04609081132787767,0.052422315670210315,1.137370208072321,estimable,1e-06,3,estimable,1.0,-1.0,0,0,"[{""control_response_lambda"":0.0,""mean_adjusted"":0.07032620795859579,""mean_control"":-0.0061286907536089496},{""control_response_lambda"":0.5,""mean_adjusted"":0.0554467429269225,""mean_control"":0.009339418072110485},{""control_response_lambda"":1.0,""mean_adjusted"":0.03841101690816176,""mean_control"":0.028834440018930024}]"
relation_separation_attenuation,discovery,joint_wild_cluster_rademacher,f4f4a9de74337511940dbe01,0.03817865801790984,0.029894759266959527,0.7830227886201688,estimable,1e-06,3,estimable,1.0,-1.0,0,0,"[{""control_response_lambda"":0.0,""mean_adjusted"":0.023119947804447576,""mean_control"":0.014894278617752487},{""control_response_lambda"":0.5,""mean_adjusted"":0.014936471176305819,""mean_control"":0.023231660936399345},{""control_response_lambda"":1.0,""mean_adjusted"":0.0038617515389806818,""mean_control"":0.03449186397984363}]"
