partition,simulator_id,prospective_cluster_count,control_response_lambda,delta,addresses,macro_mean_gate_passage_probability,minimum_address_probability,median_address_probability,maximum_address_probability
confirmation,joint_gaussian_regularized_cluster,3,0.0,0.0,6,0.0,0.0,0.0,0.0
confirmation,joint_gaussian_regularized_cluster,3,0.0,0.25,6,0.0,0.0,0.0,0.0
confirmation,joint_gaussian_regularized_cluster,3,0.0,0.5,6,0.0,0.0,0.0,0.0
confirmation,joint_gaussian_regularized_cluster,3,0.0,0.75,6,0.0,0.0,0.0,0.0
confirmation,joint_gaussian_regularized_cluster,3,0.0,1.0,6,0.0,0.0,0.0,0.0
confirmation,joint_gaussian_regularized_cluster,3,0.0,1.5,6,0.0,0.0,0.0,0.0
confirmation,joint_gaussian_regularized_cluster,3,0.0,2.0,6,0.0,0.0,0.0,0.0
confirmation,joint_gaussian_regularized_cluster,3,0.25,0.25,6,0.0,0.0,0.0,0.0
confirmation,joint_gaussian_regularized_cluster,3,0.25,0.5,6,0.0,0.0,0.0,0.0
confirmation,joint_gaussian_regularized_cluster,3,0.25,0.75,6,0.0,0.0,0.0,0.0
confirmation,joint_gaussian_regularized_cluster,3,0.25,1.0,6,0.0,0.0,0.0,0.0
confirmation,joint_gaussian_regularized_cluster,3,0.25,1.5,6,0.0,0.0,0.0,0.0
confirmation,joint_gaussian_regularized_cluster,3,0.25,2.0,6,0.0,0.0,0.0,0.0
confirmation,joint_gaussian_regularized_cluster,3,0.5,0.25,6,0.0,0.0,0.0,0.0
confirmation,joint_gaussian_regularized_cluster,3,0.5,0.5,6,0.0,0.0,0.0,0.0
confirmation,joint_gaussian_regularized_cluster,3,0.5,0.75,6,0.0,0.0,0.0,0.0
confirmation,joint_gaussian_regularized_cluster,3,0.5,1.0,6,0.0,0.0,0.0,0.0
confirmation,joint_gaussian_regularized_cluster,3,0.5,1.5,6,0.0,0.0,0.0,0.0
confirmation,joint_gaussian_regularized_cluster,3,0.5,2.0,6,0.0,0.0,0.0,0.0
confirmation,joint_gaussian_regularized_cluster,3,1.0,0.25,6,0.0,0.0,0.0,0.0
confirmation,joint_gaussian_regularized_cluster,3,1.0,0.5,6,0.0,0.0,0.0,0.0
confirmation,joint_gaussian_regularized_cluster,3,1.0,0.75,6,0.0,0.0,0.0,0.0
confirmation,joint_gaussian_regularized_cluster,3,1.0,1.0,6,0.0,0.0,0.0,0.0
confirmation,joint_gaussian_regularized_cluster,3,1.0,1.5,6,0.0,0.0,0.0,0.0
confirmation,joint_gaussian_regularized_cluster,3,1.0,2.0,6,0.0,0.0,0.0,0.0
confirmation,joint_gaussian_regularized_cluster,4,0.0,0.0,6,0.0,0.0,0.0,0.0
confirmation,joint_gaussian_regularized_cluster,4,0.0,0.25,6,0.006333333333333333,0.0,0.0005,0.022
confirmation,joint_gaussian_regularized_cluster,4,0.0,0.5,6,0.017166666666666667,0.0,0.002,0.05
confirmation,joint_gaussian_regularized_cluster,4,0.0,0.75,6,0.03516666666666667,0.0,0.005,0.132
confirmation,joint_gaussian_regularized_cluster,4,0.0,1.0,6,0.042666666666666665,0.0,0.001,0.184
confirmation,joint_gaussian_regularized_cluster,4,0.0,1.5,6,0.04816666666666667,0.0,0.004,0.225
confirmation,joint_gaussian_regularized_cluster,4,0.0,2.0,6,0.0615,0.0,0.003,0.304
confirmation,joint_gaussian_regularized_cluster,4,0.25,0.25,6,0.004666666666666667,0.0,0.001,0.017
confirmation,joint_gaussian_regularized_cluster,4,0.25,0.5,6,0.018,0.0,0.0025,0.061
confirmation,joint_gaussian_regularized_cluster,4,0.25,0.75,6,0.032,0.0,0.0025,0.132
confirmation,joint_gaussian_regularized_cluster,4,0.25,1.0,6,0.041666666666666664,0.0,0.003,0.191
confirmation,joint_gaussian_regularized_cluster,4,0.25,1.5,6,0.057,0.0,0.004,0.273
confirmation,joint_gaussian_regularized_cluster,4,0.25,2.0,6,0.06216666666666667,0.0,0.006500000000000001,0.298
confirmation,joint_gaussian_regularized_cluster,4,0.5,0.25,6,0.004,0.0,0.0,0.014
confirmation,joint_gaussian_regularized_cluster,4,0.5,0.5,6,0.015333333333333332,0.0,0.0025,0.063
confirmation,joint_gaussian_regularized_cluster,4,0.5,0.75,6,0.030666666666666665,0.0,0.0025,0.126
confirmation,joint_gaussian_regularized_cluster,4,0.5,1.0,6,0.03983333333333333,0.0,0.001,0.186
confirmation,joint_gaussian_regularized_cluster,4,0.5,1.5,6,0.0525,0.0,0.0025,0.252
confirmation,joint_gaussian_regularized_cluster,4,0.5,2.0,6,0.05716666666666667,0.0,0.0025,0.28
confirmation,joint_gaussian_regularized_cluster,4,1.0,0.25,6,0.004333333333333333,0.0,0.0005,0.013
confirmation,joint_gaussian_regularized_cluster,4,1.0,0.5,6,0.009833333333333333,0.0,0.0005,0.04
confirmation,joint_gaussian_regularized_cluster,4,1.0,0.75,6,0.015166666666666667,0.0,0.001,0.066
confirmation,joint_gaussian_regularized_cluster,4,1.0,1.0,6,0.02266666666666667,0.0,0.001,0.11
confirmation,joint_gaussian_regularized_cluster,4,1.0,1.5,6,0.01933333333333333,0.0,0.0,0.093
confirmation,joint_gaussian_regularized_cluster,4,1.0,2.0,6,0.022833333333333334,0.0,0.001,0.107
confirmation,joint_gaussian_regularized_cluster,5,0.0,0.0,6,0.0,0.0,0.0,0.0
confirmation,joint_gaussian_regularized_cluster,5,0.0,0.25,6,0.017,0.0,0.0045000000000000005,0.051
confirmation,joint_gaussian_regularized_cluster,5,0.0,0.5,6,0.05499999999999999,0.0,0.010499999999999999,0.16
confirmation,joint_gaussian_regularized_cluster,5,0.0,0.75,6,0.09249999999999999,0.0,0.0115,0.347
confirmation,joint_gaussian_regularized_cluster,5,0.0,1.0,6,0.1065,0.0,0.0125,0.427
confirmation,joint_gaussian_regularized_cluster,5,0.0,1.5,6,0.12383333333333334,0.0,0.0145,0.528
confirmation,joint_gaussian_regularized_cluster,5,0.0,2.0,6,0.13783333333333334,0.0,0.013000000000000001,0.62
confirmation,joint_gaussian_regularized_cluster,5,0.25,0.25,6,0.018,0.0,0.0055,0.063
confirmation,joint_gaussian_regularized_cluster,5,0.25,0.5,6,0.06,0.0,0.010499999999999999,0.196
confirmation,joint_gaussian_regularized_cluster,5,0.25,0.75,6,0.08716666666666667,0.0,0.0115,0.334
confirmation,joint_gaussian_regularized_cluster,5,0.25,1.0,6,0.10383333333333333,0.0,0.015,0.424
confirmation,joint_gaussian_regularized_cluster,5,0.25,1.5,6,0.1275,0.0,0.0175,0.544
confirmation,joint_gaussian_regularized_cluster,5,0.25,2.0,6,0.13949999999999999,0.0,0.018500000000000003,0.608
confirmation,joint_gaussian_regularized_cluster,5,0.5,0.25,6,0.016833333333333336,0.0,0.003,0.056
confirmation,joint_gaussian_regularized_cluster,5,0.5,0.5,6,0.05583333333333334,0.0,0.0085,0.202
confirmation,joint_gaussian_regularized_cluster,5,0.5,0.75,6,0.08683333333333333,0.0,0.0135,0.34
confirmation,joint_gaussian_regularized_cluster,5,0.5,1.0,6,0.10133333333333333,0.0,0.010499999999999999,0.415
confirmation,joint_gaussian_regularized_cluster,5,0.5,1.5,6,0.12216666666666666,0.0,0.01,0.533
confirmation,joint_gaussian_regularized_cluster,5,0.5,2.0,6,0.12633333333333333,0.0,0.009000000000000001,0.545
confirmation,joint_gaussian_regularized_cluster,5,1.0,0.25,6,0.011666666666666667,0.0,0.0005,0.044
confirmation,joint_gaussian_regularized_cluster,5,1.0,0.5,6,0.03,0.0,0.0035,0.105
confirmation,joint_gaussian_regularized_cluster,5,1.0,0.75,6,0.0395,0.0,0.007,0.164
confirmation,joint_gaussian_regularized_cluster,5,1.0,1.0,6,0.04666666666666667,0.0,0.006,0.21
confirmation,joint_gaussian_regularized_cluster,5,1.0,1.5,6,0.045500000000000006,0.0,0.0035,0.203
confirmation,joint_gaussian_regularized_cluster,5,1.0,2.0,6,0.049166666666666664,0.0,0.005,0.211
confirmation,joint_gaussian_regularized_cluster,6,0.0,0.0,6,0.0,0.0,0.0,0.0
confirmation,joint_gaussian_regularized_cluster,6,0.0,0.25,6,0.0415,0.0,0.0155,0.134
confirmation,joint_gaussian_regularized_cluster,6,0.0,0.5,6,0.11033333333333332,0.0,0.026500000000000003,0.314
confirmation,joint_gaussian_regularized_cluster,6,0.0,0.75,6,0.15733333333333335,0.0,0.031,0.543
confirmation,joint_gaussian_regularized_cluster,6,0.0,1.0,6,0.17883333333333332,0.0,0.038000000000000006,0.659
confirmation,joint_gaussian_regularized_cluster,6,0.0,1.5,6,0.19966666666666666,0.0,0.0385,0.774
confirmation,joint_gaussian_regularized_cluster,6,0.0,2.0,6,0.2058333333333333,0.0,0.036500000000000005,0.817
confirmation,joint_gaussian_regularized_cluster,6,0.25,0.25,6,0.03833333333333333,0.0,0.013,0.122
confirmation,joint_gaussian_regularized_cluster,6,0.25,0.5,6,0.11116666666666668,0.0,0.022,0.336
confirmation,joint_gaussian_regularized_cluster,6,0.25,0.75,6,0.15016666666666667,0.0,0.0335,0.534
confirmation,joint_gaussian_regularized_cluster,6,0.25,1.0,6,0.17333333333333334,0.0,0.036000000000000004,0.645
confirmation,joint_gaussian_regularized_cluster,6,0.25,1.5,6,0.20133333333333334,0.0,0.04,0.773
confirmation,joint_gaussian_regularized_cluster,6,0.25,2.0,6,0.20633333333333334,0.0,0.036500000000000005,0.809
confirmation,joint_gaussian_regularized_cluster,6,0.5,0.25,6,0.039,0.0,0.0105,0.12
confirmation,joint_gaussian_regularized_cluster,6,0.5,0.5,6,0.10433333333333333,0.0,0.027000000000000003,0.335
confirmation,joint_gaussian_regularized_cluster,6,0.5,0.75,6,0.14433333333333334,0.0,0.027499999999999997,0.52
confirmation,joint_gaussian_regularized_cluster,6,0.5,1.0,6,0.1615,0.0,0.0335,0.608
confirmation,joint_gaussian_regularized_cluster,6,0.5,1.5,6,0.18983333333333333,0.0,0.034,0.735
confirmation,joint_gaussian_regularized_cluster,6,0.5,2.0,6,0.19016666666666668,0.0,0.028999999999999998,0.737
confirmation,joint_gaussian_regularized_cluster,6,1.0,0.25,6,0.023500000000000004,0.0,0.005,0.074
confirmation,joint_gaussian_regularized_cluster,6,1.0,0.5,6,0.050499999999999996,0.0,0.0085,0.181
confirmation,joint_gaussian_regularized_cluster,6,1.0,0.75,6,0.064,0.0,0.0125,0.255
confirmation,joint_gaussian_regularized_cluster,6,1.0,1.0,6,0.07216666666666666,0.0,0.0115,0.291
confirmation,joint_gaussian_regularized_cluster,6,1.0,1.5,6,0.07050000000000001,0.0,0.009000000000000001,0.28
confirmation,joint_gaussian_regularized_cluster,6,1.0,2.0,6,0.06783333333333334,0.0,0.011,0.278
confirmation,joint_gaussian_regularized_cluster,8,0.0,0.0,6,0.0,0.0,0.0,0.0
confirmation,joint_gaussian_regularized_cluster,8,0.0,0.25,6,0.10766666666666667,0.0,0.05,0.31
confirmation,joint_gaussian_regularized_cluster,8,0.0,0.5,6,0.22499999999999998,0.0,0.092,0.588
confirmation,joint_gaussian_regularized_cluster,8,0.0,0.75,6,0.2728333333333333,0.0,0.095,0.812
confirmation,joint_gaussian_regularized_cluster,8,0.0,1.0,6,0.2945,0.0,0.109,0.909
confirmation,joint_gaussian_regularized_cluster,8,0.0,1.5,6,0.29633333333333334,0.0,0.11049999999999999,0.943
confirmation,joint_gaussian_regularized_cluster,8,0.0,2.0,6,0.304,0.0,0.1135,0.974
confirmation,joint_gaussian_regularized_cluster,8,0.25,0.25,6,0.11366666666666665,0.0,0.052000000000000005,0.348
confirmation,joint_gaussian_regularized_cluster,8,0.25,0.5,6,0.21833333333333335,0.0,0.078,0.606
confirmation,joint_gaussian_regularized_cluster,8,0.25,0.75,6,0.27166666666666667,0.0,0.095,0.837
confirmation,joint_gaussian_regularized_cluster,8,0.25,1.0,6,0.2921666666666667,0.0,0.11599999999999999,0.898
confirmation,joint_gaussian_regularized_cluster,8,0.25,1.5,6,0.3025,0.0,0.114,0.948
confirmation,joint_gaussian_regularized_cluster,8,0.25,2.0,6,0.3076666666666667,0.0,0.112,0.964
confirmation,joint_gaussian_regularized_cluster,8,0.5,0.25,6,0.09416666666666666,0.0,0.0365,0.272
confirmation,joint_gaussian_regularized_cluster,8,0.5,0.5,6,0.2045,0.0,0.076,0.588
confirmation,joint_gaussian_regularized_cluster,8,0.5,0.75,6,0.25516666666666665,0.0,0.1025,0.75
confirmation,joint_gaussian_regularized_cluster,8,0.5,1.0,6,0.2728333333333333,0.0,0.107,0.829
confirmation,joint_gaussian_regularized_cluster,8,0.5,1.5,6,0.287,0.0,0.1065,0.912
confirmation,joint_gaussian_regularized_cluster,8,0.5,2.0,6,0.28933333333333333,0.0,0.0955,0.919
confirmation,joint_gaussian_regularized_cluster,8,1.0,0.25,6,0.05083333333333334,0.0,0.0145,0.165
confirmation,joint_gaussian_regularized_cluster,8,1.0,0.5,6,0.08750000000000001,0.0,0.025,0.273
confirmation,joint_gaussian_regularized_cluster,8,1.0,0.75,6,0.09683333333333333,0.0,0.034,0.307
confirmation,joint_gaussian_regularized_cluster,8,1.0,1.0,6,0.09933333333333334,0.0,0.033,0.337
confirmation,joint_gaussian_regularized_cluster,8,1.0,1.5,6,0.10316666666666667,0.0,0.0295,0.344
confirmation,joint_gaussian_regularized_cluster,8,1.0,2.0,6,0.08849999999999998,0.0,0.028499999999999998,0.288
confirmation,joint_gaussian_regularized_cluster,10,0.0,0.0,6,0.0,0.0,0.0,0.0
confirmation,joint_gaussian_regularized_cluster,10,0.0,0.25,6,0.18483333333333332,0.0,0.1085,0.503
confirmation,joint_gaussian_regularized_cluster,10,0.0,0.5,6,0.32116666666666666,0.0,0.16949999999999998,0.802
confirmation,joint_gaussian_regularized_cluster,10,0.0,0.75,6,0.3586666666666667,0.0,0.1985,0.938
confirmation,joint_gaussian_regularized_cluster,10,0.0,1.0,6,0.3715,0.0,0.20650000000000002,0.973
confirmation,joint_gaussian_regularized_cluster,10,0.0,1.5,6,0.38033333333333336,0.0,0.2365,0.991
confirmation,joint_gaussian_regularized_cluster,10,0.0,2.0,6,0.37716666666666665,0.0,0.2215,0.997
confirmation,joint_gaussian_regularized_cluster,10,0.25,0.25,6,0.19000000000000003,0.0,0.099,0.521
confirmation,joint_gaussian_regularized_cluster,10,0.25,0.5,6,0.3196666666666667,0.0,0.172,0.808
confirmation,joint_gaussian_regularized_cluster,10,0.25,0.75,6,0.3561666666666667,0.0,0.186,0.939
confirmation,joint_gaussian_regularized_cluster,10,0.25,1.0,6,0.3678333333333333,0.0,0.2125,0.977
confirmation,joint_gaussian_regularized_cluster,10,0.25,1.5,6,0.37516666666666665,0.0,0.21650000000000003,0.988
confirmation,joint_gaussian_regularized_cluster,10,0.25,2.0,6,0.37716666666666665,0.0,0.2165,0.994
confirmation,joint_gaussian_regularized_cluster,10,0.5,0.25,6,0.16333333333333333,0.0,0.084,0.444
confirmation,joint_gaussian_regularized_cluster,10,0.5,0.5,6,0.29283333333333333,0.0,0.1755,0.741
confirmation,joint_gaussian_regularized_cluster,10,0.5,0.75,6,0.33549999999999996,0.0,0.2005,0.859
confirmation,joint_gaussian_regularized_cluster,10,0.5,1.0,6,0.35316666666666663,0.0,0.219,0.909
confirmation,joint_gaussian_regularized_cluster,10,0.5,1.5,6,0.3635,0.0,0.2145,0.955
confirmation,joint_gaussian_regularized_cluster,10,0.5,2.0,6,0.3625,0.0,0.20450000000000002,0.958
confirmation,joint_gaussian_regularized_cluster,10,1.0,0.25,6,0.07166666666666667,0.0,0.025,0.23
confirmation,joint_gaussian_regularized_cluster,10,1.0,0.5,6,0.10916666666666668,0.0,0.051500000000000004,0.318
confirmation,joint_gaussian_regularized_cluster,10,1.0,0.75,6,0.11283333333333334,0.0,0.05,0.32
confirmation,joint_gaussian_regularized_cluster,10,1.0,1.0,6,0.11966666666666666,0.0,0.0565,0.344
confirmation,joint_gaussian_regularized_cluster,10,1.0,1.5,6,0.11316666666666668,0.0,0.051500000000000004,0.333
confirmation,joint_gaussian_regularized_cluster,10,1.0,2.0,6,0.10216666666666667,0.0,0.052500000000000005,0.274
confirmation,joint_gaussian_regularized_cluster,12,0.0,0.0,6,0.0,0.0,0.0,0.0
confirmation,joint_gaussian_regularized_cluster,12,0.0,0.25,6,0.2608333333333333,0.0,0.1785,0.659
confirmation,joint_gaussian_regularized_cluster,12,0.0,0.5,6,0.39316666666666666,0.0,0.273,0.916
confirmation,joint_gaussian_regularized_cluster,12,0.0,0.75,6,0.4203333333333334,0.0,0.3095,0.986
confirmation,joint_gaussian_regularized_cluster,12,0.0,1.0,6,0.43416666666666665,0.0,0.33899999999999997,0.995
confirmation,joint_gaussian_regularized_cluster,12,0.0,1.5,6,0.4411666666666667,0.0,0.359,0.999
confirmation,joint_gaussian_regularized_cluster,12,0.0,2.0,6,0.43616666666666665,0.0,0.3455,1.0
confirmation,joint_gaussian_regularized_cluster,12,0.25,0.25,6,0.258,0.0,0.1605,0.665
confirmation,joint_gaussian_regularized_cluster,12,0.25,0.5,6,0.3878333333333333,0.0,0.2745,0.898
confirmation,joint_gaussian_regularized_cluster,12,0.25,0.75,6,0.4175,0.0,0.305,0.977
confirmation,joint_gaussian_regularized_cluster,12,0.25,1.0,6,0.4346666666666667,0.0,0.34099999999999997,0.996
confirmation,joint_gaussian_regularized_cluster,12,0.25,1.5,6,0.43683333333333335,0.0,0.34950000000000003,0.996
confirmation,joint_gaussian_regularized_cluster,12,0.25,2.0,6,0.436,0.0,0.349,0.999
confirmation,joint_gaussian_regularized_cluster,12,0.5,0.25,6,0.22616666666666665,0.0,0.154,0.563
confirmation,joint_gaussian_regularized_cluster,12,0.5,0.5,6,0.36333333333333334,0.0,0.28550000000000003,0.822
confirmation,joint_gaussian_regularized_cluster,12,0.5,0.75,6,0.40166666666666667,0.0,0.32799999999999996,0.904
confirmation,joint_gaussian_regularized_cluster,12,0.5,1.0,6,0.4235,0.0,0.35250000000000004,0.944
confirmation,joint_gaussian_regularized_cluster,12,0.5,1.5,6,0.426,0.0,0.3385,0.967
confirmation,joint_gaussian_regularized_cluster,12,0.5,2.0,6,0.42650000000000005,0.0,0.3285,0.979
confirmation,joint_gaussian_regularized_cluster,12,1.0,0.25,6,0.08416666666666667,0.0,0.035,0.245
confirmation,joint_gaussian_regularized_cluster,12,1.0,0.5,6,0.1165,0.0,0.0665,0.298
confirmation,joint_gaussian_regularized_cluster,12,1.0,0.75,6,0.122,0.0,0.0765,0.304
confirmation,joint_gaussian_regularized_cluster,12,1.0,1.0,6,0.12233333333333334,0.0,0.071,0.331
confirmation,joint_gaussian_regularized_cluster,12,1.0,1.5,6,0.119,0.0,0.07400000000000001,0.308
confirmation,joint_gaussian_regularized_cluster,12,1.0,2.0,6,0.10816666666666667,0.0,0.066,0.278
confirmation,joint_wild_cluster_rademacher,3,0.0,0.0,6,0.0,0.0,0.0,0.0
confirmation,joint_wild_cluster_rademacher,3,0.0,0.25,6,0.0,0.0,0.0,0.0
confirmation,joint_wild_cluster_rademacher,3,0.0,0.5,6,0.0,0.0,0.0,0.0
confirmation,joint_wild_cluster_rademacher,3,0.0,0.75,6,0.0,0.0,0.0,0.0
confirmation,joint_wild_cluster_rademacher,3,0.0,1.0,6,0.0,0.0,0.0,0.0
confirmation,joint_wild_cluster_rademacher,3,0.0,1.5,6,0.0,0.0,0.0,0.0
confirmation,joint_wild_cluster_rademacher,3,0.0,2.0,6,0.0,0.0,0.0,0.0
confirmation,joint_wild_cluster_rademacher,3,0.25,0.25,6,0.0,0.0,0.0,0.0
confirmation,joint_wild_cluster_rademacher,3,0.25,0.5,6,0.0,0.0,0.0,0.0
confirmation,joint_wild_cluster_rademacher,3,0.25,0.75,6,0.0,0.0,0.0,0.0
confirmation,joint_wild_cluster_rademacher,3,0.25,1.0,6,0.0,0.0,0.0,0.0
confirmation,joint_wild_cluster_rademacher,3,0.25,1.5,6,0.0,0.0,0.0,0.0
confirmation,joint_wild_cluster_rademacher,3,0.25,2.0,6,0.0,0.0,0.0,0.0
confirmation,joint_wild_cluster_rademacher,3,0.5,0.25,6,0.0,0.0,0.0,0.0
confirmation,joint_wild_cluster_rademacher,3,0.5,0.5,6,0.0,0.0,0.0,0.0
confirmation,joint_wild_cluster_rademacher,3,0.5,0.75,6,0.0,0.0,0.0,0.0
confirmation,joint_wild_cluster_rademacher,3,0.5,1.0,6,0.0,0.0,0.0,0.0
confirmation,joint_wild_cluster_rademacher,3,0.5,1.5,6,0.0,0.0,0.0,0.0
confirmation,joint_wild_cluster_rademacher,3,0.5,2.0,6,0.0,0.0,0.0,0.0
confirmation,joint_wild_cluster_rademacher,3,1.0,0.25,6,0.0,0.0,0.0,0.0
confirmation,joint_wild_cluster_rademacher,3,1.0,0.5,6,0.0,0.0,0.0,0.0
confirmation,joint_wild_cluster_rademacher,3,1.0,0.75,6,0.0,0.0,0.0,0.0
confirmation,joint_wild_cluster_rademacher,3,1.0,1.0,6,0.0,0.0,0.0,0.0
confirmation,joint_wild_cluster_rademacher,3,1.0,1.5,6,0.0,0.0,0.0,0.0
confirmation,joint_wild_cluster_rademacher,3,1.0,2.0,6,0.0,0.0,0.0,0.0
confirmation,joint_wild_cluster_rademacher,4,0.0,0.0,6,0.0,0.0,0.0,0.0
confirmation,joint_wild_cluster_rademacher,4,0.0,0.25,6,0.006166666666666667,0.0,0.001,0.026
confirmation,joint_wild_cluster_rademacher,4,0.0,0.5,6,0.018833333333333334,0.0,0.002,0.068
confirmation,joint_wild_cluster_rademacher,4,0.0,0.75,6,0.030833333333333334,0.0,0.003,0.121
confirmation,joint_wild_cluster_rademacher,4,0.0,1.0,6,0.043333333333333335,0.0,0.0015,0.197
confirmation,joint_wild_cluster_rademacher,4,0.0,1.5,6,0.05483333333333334,0.0,0.003,0.258
confirmation,joint_wild_cluster_rademacher,4,0.0,2.0,6,0.056999999999999995,0.0,0.004,0.289
confirmation,joint_wild_cluster_rademacher,4,0.25,0.25,6,0.0055000000000000005,0.0,0.001,0.022
confirmation,joint_wild_cluster_rademacher,4,0.25,0.5,6,0.017666666666666667,0.0,0.0015,0.056
confirmation,joint_wild_cluster_rademacher,4,0.25,0.75,6,0.03316666666666667,0.0,0.005,0.123
confirmation,joint_wild_cluster_rademacher,4,0.25,1.0,6,0.04016666666666666,0.0,0.0035,0.156
confirmation,joint_wild_cluster_rademacher,4,0.25,1.5,6,0.059500000000000004,0.0,0.0025,0.281
confirmation,joint_wild_cluster_rademacher,4,0.25,2.0,6,0.06083333333333333,0.0,0.003,0.29
confirmation,joint_wild_cluster_rademacher,4,0.5,0.25,6,0.005666666666666667,0.0,0.002,0.019
confirmation,joint_wild_cluster_rademacher,4,0.5,0.5,6,0.015666666666666666,0.0,0.0035,0.051
confirmation,joint_wild_cluster_rademacher,4,0.5,0.75,6,0.028999999999999998,0.0,0.0055,0.125
confirmation,joint_wild_cluster_rademacher,4,0.5,1.0,6,0.041666666666666664,0.0,0.004,0.176
confirmation,joint_wild_cluster_rademacher,4,0.5,1.5,6,0.05483333333333334,0.0,0.0035,0.253
confirmation,joint_wild_cluster_rademacher,4,0.5,2.0,6,0.0545,0.0,0.0035,0.255
confirmation,joint_wild_cluster_rademacher,4,1.0,0.25,6,0.0036666666666666666,0.0,0.0005,0.011
confirmation,joint_wild_cluster_rademacher,4,1.0,0.5,6,0.010666666666666666,0.0,0.0005,0.04
confirmation,joint_wild_cluster_rademacher,4,1.0,0.75,6,0.016166666666666666,0.0,0.0015,0.07
confirmation,joint_wild_cluster_rademacher,4,1.0,1.0,6,0.021666666666666667,0.0,0.002,0.105
confirmation,joint_wild_cluster_rademacher,4,1.0,1.5,6,0.021,0.0,0.0005,0.104
confirmation,joint_wild_cluster_rademacher,4,1.0,2.0,6,0.024666666666666667,0.0,0.002,0.127
confirmation,joint_wild_cluster_rademacher,5,0.0,0.0,6,0.0,0.0,0.0,0.0
confirmation,joint_wild_cluster_rademacher,5,0.0,0.25,6,0.020166666666666666,0.0,0.006500000000000001,0.078
confirmation,joint_wild_cluster_rademacher,5,0.0,0.5,6,0.06183333333333333,0.0,0.0105,0.207
confirmation,joint_wild_cluster_rademacher,5,0.0,0.75,6,0.09050000000000001,0.0,0.0155,0.328
confirmation,joint_wild_cluster_rademacher,5,0.0,1.0,6,0.10683333333333334,0.0,0.014499999999999999,0.45
confirmation,joint_wild_cluster_rademacher,5,0.0,1.5,6,0.12816666666666665,0.0,0.012,0.565
confirmation,joint_wild_cluster_rademacher,5,0.0,2.0,6,0.13899999999999998,0.0,0.0185,0.625
confirmation,joint_wild_cluster_rademacher,5,0.25,0.25,6,0.01933333333333333,0.0,0.0035,0.073
confirmation,joint_wild_cluster_rademacher,5,0.25,0.5,6,0.057666666666666665,0.0,0.012,0.176
confirmation,joint_wild_cluster_rademacher,5,0.25,0.75,6,0.08700000000000001,0.0,0.0155,0.309
confirmation,joint_wild_cluster_rademacher,5,0.25,1.0,6,0.11033333333333332,0.0,0.0165,0.417
confirmation,joint_wild_cluster_rademacher,5,0.25,1.5,6,0.13333333333333333,0.0,0.0115,0.573
confirmation,joint_wild_cluster_rademacher,5,0.25,2.0,6,0.13666666666666666,0.0,0.0155,0.594
confirmation,joint_wild_cluster_rademacher,5,0.5,0.25,6,0.017833333333333333,0.0,0.007,0.057
confirmation,joint_wild_cluster_rademacher,5,0.5,0.5,6,0.050333333333333334,0.0,0.008,0.158
confirmation,joint_wild_cluster_rademacher,5,0.5,0.75,6,0.08316666666666667,0.0,0.0215,0.315
confirmation,joint_wild_cluster_rademacher,5,0.5,1.0,6,0.09966666666666668,0.0,0.0135,0.401
confirmation,joint_wild_cluster_rademacher,5,0.5,1.5,6,0.11983333333333333,0.0,0.012,0.522
confirmation,joint_wild_cluster_rademacher,5,0.5,2.0,6,0.12633333333333333,0.0,0.015,0.555
confirmation,joint_wild_cluster_rademacher,5,1.0,0.25,6,0.0135,0.0,0.002,0.041
confirmation,joint_wild_cluster_rademacher,5,1.0,0.5,6,0.03416666666666667,0.0,0.004,0.136
confirmation,joint_wild_cluster_rademacher,5,1.0,0.75,6,0.042333333333333334,0.0,0.004,0.176
confirmation,joint_wild_cluster_rademacher,5,1.0,1.0,6,0.043166666666666666,0.0,0.0045000000000000005,0.2
confirmation,joint_wild_cluster_rademacher,5,1.0,1.5,6,0.04533333333333334,0.0,0.003,0.201
confirmation,joint_wild_cluster_rademacher,5,1.0,2.0,6,0.051333333333333335,0.0,0.0045000000000000005,0.232
confirmation,joint_wild_cluster_rademacher,6,0.0,0.0,6,0.0,0.0,0.0,0.0
confirmation,joint_wild_cluster_rademacher,6,0.0,0.25,6,0.046000000000000006,0.0,0.0165,0.158
confirmation,joint_wild_cluster_rademacher,6,0.0,0.5,6,0.1135,0.0,0.0235,0.357
confirmation,joint_wild_cluster_rademacher,6,0.0,0.75,6,0.16116666666666668,0.0,0.042499999999999996,0.531
confirmation,joint_wild_cluster_rademacher,6,0.0,1.0,6,0.1731666666666667,0.0,0.0375,0.646
confirmation,joint_wild_cluster_rademacher,6,0.0,1.5,6,0.19716666666666668,0.0,0.039,0.779
confirmation,joint_wild_cluster_rademacher,6,0.0,2.0,6,0.20516666666666664,0.0,0.0375,0.825
confirmation,joint_wild_cluster_rademacher,6,0.25,0.25,6,0.042666666666666665,0.0,0.014,0.137
confirmation,joint_wild_cluster_rademacher,6,0.25,0.5,6,0.11466666666666665,0.0,0.03,0.34
confirmation,joint_wild_cluster_rademacher,6,0.25,0.75,6,0.15033333333333335,0.0,0.037,0.509
confirmation,joint_wild_cluster_rademacher,6,0.25,1.0,6,0.17983333333333332,0.0,0.040999999999999995,0.643
confirmation,joint_wild_cluster_rademacher,6,0.25,1.5,6,0.19866666666666666,0.0,0.032,0.777
confirmation,joint_wild_cluster_rademacher,6,0.25,2.0,6,0.2001666666666667,0.0,0.040999999999999995,0.797
confirmation,joint_wild_cluster_rademacher,6,0.5,0.25,6,0.03966666666666667,0.0,0.018,0.134
confirmation,joint_wild_cluster_rademacher,6,0.5,0.5,6,0.104,0.0,0.027,0.32
confirmation,joint_wild_cluster_rademacher,6,0.5,0.75,6,0.14283333333333334,0.0,0.036000000000000004,0.509
confirmation,joint_wild_cluster_rademacher,6,0.5,1.0,6,0.15833333333333333,0.0,0.034,0.569
confirmation,joint_wild_cluster_rademacher,6,0.5,1.5,6,0.18533333333333335,0.0,0.031,0.731
confirmation,joint_wild_cluster_rademacher,6,0.5,2.0,6,0.19683333333333333,0.0,0.038500000000000006,0.769
confirmation,joint_wild_cluster_rademacher,6,1.0,0.25,6,0.027666666666666662,0.0,0.006,0.081
confirmation,joint_wild_cluster_rademacher,6,1.0,0.5,6,0.055999999999999994,0.0,0.01,0.204
confirmation,joint_wild_cluster_rademacher,6,1.0,0.75,6,0.07083333333333335,0.0,0.0115,0.276
confirmation,joint_wild_cluster_rademacher,6,1.0,1.0,6,0.07050000000000001,0.0,0.0115,0.279
confirmation,joint_wild_cluster_rademacher,6,1.0,1.5,6,0.06833333333333333,0.0,0.011,0.282
confirmation,joint_wild_cluster_rademacher,6,1.0,2.0,6,0.07066666666666666,0.0,0.0095,0.284
confirmation,joint_wild_cluster_rademacher,8,0.0,0.0,6,0.0,0.0,0.0,0.0
confirmation,joint_wild_cluster_rademacher,8,0.0,0.25,6,0.109,0.0,0.047,0.342
confirmation,joint_wild_cluster_rademacher,8,0.0,0.5,6,0.22666666666666666,0.0,0.087,0.616
confirmation,joint_wild_cluster_rademacher,8,0.0,0.75,6,0.26933333333333337,0.0,0.103,0.799
confirmation,joint_wild_cluster_rademacher,8,0.0,1.0,6,0.29083333333333333,0.0,0.11549999999999999,0.89
confirmation,joint_wild_cluster_rademacher,8,0.0,1.5,6,0.29683333333333334,0.0,0.1085,0.944
confirmation,joint_wild_cluster_rademacher,8,0.0,2.0,6,0.3025,0.0,0.111,0.973
confirmation,joint_wild_cluster_rademacher,8,0.25,0.25,6,0.10833333333333334,0.0,0.0455,0.324
confirmation,joint_wild_cluster_rademacher,8,0.25,0.5,6,0.23083333333333333,0.0,0.0785,0.643
confirmation,joint_wild_cluster_rademacher,8,0.25,0.75,6,0.2665,0.0,0.1005,0.795
confirmation,joint_wild_cluster_rademacher,8,0.25,1.0,6,0.29533333333333334,0.0,0.1235,0.9
confirmation,joint_wild_cluster_rademacher,8,0.25,1.5,6,0.2965,0.0,0.10500000000000001,0.95
confirmation,joint_wild_cluster_rademacher,8,0.25,2.0,6,0.298,0.0,0.1065,0.963
confirmation,joint_wild_cluster_rademacher,8,0.5,0.25,6,0.09649999999999999,0.0,0.048,0.269
confirmation,joint_wild_cluster_rademacher,8,0.5,0.5,6,0.2065,0.0,0.08499999999999999,0.577
confirmation,joint_wild_cluster_rademacher,8,0.5,0.75,6,0.25266666666666665,0.0,0.10200000000000001,0.739
confirmation,joint_wild_cluster_rademacher,8,0.5,1.0,6,0.2663333333333333,0.0,0.1015,0.809
confirmation,joint_wild_cluster_rademacher,8,0.5,1.5,6,0.2896666666666667,0.0,0.1105,0.894
confirmation,joint_wild_cluster_rademacher,8,0.5,2.0,6,0.2965,0.0,0.1195,0.913
confirmation,joint_wild_cluster_rademacher,8,1.0,0.25,6,0.05533333333333334,0.0,0.017,0.171
confirmation,joint_wild_cluster_rademacher,8,1.0,0.5,6,0.08816666666666666,0.0,0.0225,0.291
confirmation,joint_wild_cluster_rademacher,8,1.0,0.75,6,0.10116666666666667,0.0,0.0275,0.34
confirmation,joint_wild_cluster_rademacher,8,1.0,1.0,6,0.09983333333333333,0.0,0.0305,0.325
confirmation,joint_wild_cluster_rademacher,8,1.0,1.5,6,0.09533333333333334,0.0,0.028,0.313
confirmation,joint_wild_cluster_rademacher,8,1.0,2.0,6,0.09716666666666667,0.0,0.0245,0.336
confirmation,joint_wild_cluster_rademacher,10,0.0,0.0,6,0.0,0.0,0.0,0.0
confirmation,joint_wild_cluster_rademacher,10,0.0,0.25,6,0.19233333333333333,0.0,0.11699999999999999,0.52
confirmation,joint_wild_cluster_rademacher,10,0.0,0.5,6,0.319,0.0,0.165,0.808
confirmation,joint_wild_cluster_rademacher,10,0.0,0.75,6,0.3591666666666667,0.0,0.20550000000000002,0.942
confirmation,joint_wild_cluster_rademacher,10,0.0,1.0,6,0.36933333333333335,0.0,0.2195,0.969
confirmation,joint_wild_cluster_rademacher,10,0.0,1.5,6,0.38166666666666665,0.0,0.23199999999999998,0.991
confirmation,joint_wild_cluster_rademacher,10,0.0,2.0,6,0.37566666666666665,0.0,0.2215,0.998
confirmation,joint_wild_cluster_rademacher,10,0.25,0.25,6,0.18916666666666668,0.0,0.098,0.54
confirmation,joint_wild_cluster_rademacher,10,0.25,0.5,6,0.3256666666666667,0.0,0.182,0.805
confirmation,joint_wild_cluster_rademacher,10,0.25,0.75,6,0.3631666666666667,0.0,0.21400000000000002,0.936
confirmation,joint_wild_cluster_rademacher,10,0.25,1.0,6,0.3755,0.0,0.22,0.98
confirmation,joint_wild_cluster_rademacher,10,0.25,1.5,6,0.3793333333333333,0.0,0.22899999999999998,0.991
confirmation,joint_wild_cluster_rademacher,10,0.25,2.0,6,0.37516666666666665,0.0,0.219,0.997
confirmation,joint_wild_cluster_rademacher,10,0.5,0.25,6,0.162,0.0,0.0925,0.427
confirmation,joint_wild_cluster_rademacher,10,0.5,0.5,6,0.299,0.0,0.1875,0.747
confirmation,joint_wild_cluster_rademacher,10,0.5,0.75,6,0.3363333333333333,0.0,0.20650000000000002,0.852
confirmation,joint_wild_cluster_rademacher,10,0.5,1.0,6,0.34900000000000003,0.0,0.2125,0.884
confirmation,joint_wild_cluster_rademacher,10,0.5,1.5,6,0.3625,0.0,0.2095,0.942
confirmation,joint_wild_cluster_rademacher,10,0.5,2.0,6,0.3708333333333333,0.0,0.22,0.969
confirmation,joint_wild_cluster_rademacher,10,1.0,0.25,6,0.075,0.0,0.0265,0.217
confirmation,joint_wild_cluster_rademacher,10,1.0,0.5,6,0.10183333333333333,0.0,0.0455,0.296
confirmation,joint_wild_cluster_rademacher,10,1.0,0.75,6,0.11666666666666665,0.0,0.051000000000000004,0.334
confirmation,joint_wild_cluster_rademacher,10,1.0,1.0,6,0.1095,0.0,0.0475,0.321
confirmation,joint_wild_cluster_rademacher,10,1.0,1.5,6,0.11433333333333333,0.0,0.0585,0.316
confirmation,joint_wild_cluster_rademacher,10,1.0,2.0,6,0.10583333333333333,0.0,0.051000000000000004,0.308
confirmation,joint_wild_cluster_rademacher,12,0.0,0.0,6,0.0,0.0,0.0,0.0
confirmation,joint_wild_cluster_rademacher,12,0.0,0.25,6,0.2683333333333333,0.0,0.1845,0.677
confirmation,joint_wild_cluster_rademacher,12,0.0,0.5,6,0.3953333333333333,0.0,0.28450000000000003,0.908
confirmation,joint_wild_cluster_rademacher,12,0.0,0.75,6,0.42650000000000005,0.0,0.33399999999999996,0.986
confirmation,joint_wild_cluster_rademacher,12,0.0,1.0,6,0.43683333333333335,0.0,0.3555,0.993
confirmation,joint_wild_cluster_rademacher,12,0.0,1.5,6,0.43916666666666665,0.0,0.355,0.998
confirmation,joint_wild_cluster_rademacher,12,0.0,2.0,6,0.4386666666666667,0.0,0.355,1.0
confirmation,joint_wild_cluster_rademacher,12,0.25,0.25,6,0.261,0.0,0.1745,0.682
confirmation,joint_wild_cluster_rademacher,12,0.25,0.5,6,0.3986666666666667,0.0,0.2905,0.909
confirmation,joint_wild_cluster_rademacher,12,0.25,0.75,6,0.42849999999999994,0.0,0.3335,0.982
confirmation,joint_wild_cluster_rademacher,12,0.25,1.0,6,0.43,0.0,0.3315,0.993
confirmation,joint_wild_cluster_rademacher,12,0.25,1.5,6,0.438,0.0,0.349,0.997
confirmation,joint_wild_cluster_rademacher,12,0.25,2.0,6,0.436,0.0,0.34550000000000003,1.0
confirmation,joint_wild_cluster_rademacher,12,0.5,0.25,6,0.22683333333333333,0.0,0.16,0.552
confirmation,joint_wild_cluster_rademacher,12,0.5,0.5,6,0.35966666666666663,0.0,0.281,0.835
confirmation,joint_wild_cluster_rademacher,12,0.5,0.75,6,0.4031666666666667,0.0,0.326,0.904
confirmation,joint_wild_cluster_rademacher,12,0.5,1.0,6,0.418,0.0,0.34450000000000003,0.917
confirmation,joint_wild_cluster_rademacher,12,0.5,1.5,6,0.4291666666666667,0.0,0.34299999999999997,0.97
confirmation,joint_wild_cluster_rademacher,12,0.5,2.0,6,0.43166666666666664,0.0,0.3435,0.981
confirmation,joint_wild_cluster_rademacher,12,1.0,0.25,6,0.08766666666666667,0.0,0.043,0.234
confirmation,joint_wild_cluster_rademacher,12,1.0,0.5,6,0.10999999999999999,0.0,0.068,0.294
confirmation,joint_wild_cluster_rademacher,12,1.0,0.75,6,0.12066666666666666,0.0,0.07,0.323
confirmation,joint_wild_cluster_rademacher,12,1.0,1.0,6,0.12466666666666666,0.0,0.08249999999999999,0.313
confirmation,joint_wild_cluster_rademacher,12,1.0,1.5,6,0.12083333333333333,0.0,0.08399999999999999,0.29
confirmation,joint_wild_cluster_rademacher,12,1.0,2.0,6,0.11083333333333334,0.0,0.0665,0.29
discovery,joint_gaussian_regularized_cluster,3,0.0,0.0,6,0.0,0.0,0.0,0.0
discovery,joint_gaussian_regularized_cluster,3,0.0,0.25,6,0.0,0.0,0.0,0.0
discovery,joint_gaussian_regularized_cluster,3,0.0,0.5,6,0.0,0.0,0.0,0.0
discovery,joint_gaussian_regularized_cluster,3,0.0,0.75,6,0.0,0.0,0.0,0.0
discovery,joint_gaussian_regularized_cluster,3,0.0,1.0,6,0.0,0.0,0.0,0.0
discovery,joint_gaussian_regularized_cluster,3,0.0,1.5,6,0.0,0.0,0.0,0.0
discovery,joint_gaussian_regularized_cluster,3,0.0,2.0,6,0.0,0.0,0.0,0.0
discovery,joint_gaussian_regularized_cluster,3,0.25,0.25,6,0.0,0.0,0.0,0.0
discovery,joint_gaussian_regularized_cluster,3,0.25,0.5,6,0.0,0.0,0.0,0.0
discovery,joint_gaussian_regularized_cluster,3,0.25,0.75,6,0.0,0.0,0.0,0.0
discovery,joint_gaussian_regularized_cluster,3,0.25,1.0,6,0.0,0.0,0.0,0.0
discovery,joint_gaussian_regularized_cluster,3,0.25,1.5,6,0.0,0.0,0.0,0.0
discovery,joint_gaussian_regularized_cluster,3,0.25,2.0,6,0.0,0.0,0.0,0.0
discovery,joint_gaussian_regularized_cluster,3,0.5,0.25,6,0.0,0.0,0.0,0.0
discovery,joint_gaussian_regularized_cluster,3,0.5,0.5,6,0.0,0.0,0.0,0.0
discovery,joint_gaussian_regularized_cluster,3,0.5,0.75,6,0.0,0.0,0.0,0.0
discovery,joint_gaussian_regularized_cluster,3,0.5,1.0,6,0.0,0.0,0.0,0.0
discovery,joint_gaussian_regularized_cluster,3,0.5,1.5,6,0.0,0.0,0.0,0.0
discovery,joint_gaussian_regularized_cluster,3,0.5,2.0,6,0.0,0.0,0.0,0.0
discovery,joint_gaussian_regularized_cluster,3,1.0,0.25,6,0.0,0.0,0.0,0.0
discovery,joint_gaussian_regularized_cluster,3,1.0,0.5,6,0.0,0.0,0.0,0.0
discovery,joint_gaussian_regularized_cluster,3,1.0,0.75,6,0.0,0.0,0.0,0.0
discovery,joint_gaussian_regularized_cluster,3,1.0,1.0,6,0.0,0.0,0.0,0.0
discovery,joint_gaussian_regularized_cluster,3,1.0,1.5,6,0.0,0.0,0.0,0.0
discovery,joint_gaussian_regularized_cluster,3,1.0,2.0,6,0.0,0.0,0.0,0.0
discovery,joint_gaussian_regularized_cluster,4,0.0,0.0,6,0.0,0.0,0.0,0.0
discovery,joint_gaussian_regularized_cluster,4,0.0,0.25,6,0.012499999999999999,0.0,0.001,0.066
discovery,joint_gaussian_regularized_cluster,4,0.0,0.5,6,0.044333333333333336,0.0,0.0005,0.204
discovery,joint_gaussian_regularized_cluster,4,0.0,0.75,6,0.07033333333333334,0.0,0.0005,0.274
discovery,joint_gaussian_regularized_cluster,4,0.0,1.0,6,0.08466666666666667,0.0,0.0025,0.298
discovery,joint_gaussian_regularized_cluster,4,0.0,1.5,6,0.09749999999999999,0.0,0.0015,0.321
discovery,joint_gaussian_regularized_cluster,4,0.0,2.0,6,0.10316666666666667,0.0,0.0025,0.323
discovery,joint_gaussian_regularized_cluster,4,0.25,0.25,6,0.015000000000000001,0.0,0.0,0.083
discovery,joint_gaussian_regularized_cluster,4,0.25,0.5,6,0.045000000000000005,0.0,0.0005,0.198
discovery,joint_gaussian_regularized_cluster,4,0.25,0.75,6,0.07116666666666666,0.0,0.002,0.282
discovery,joint_gaussian_regularized_cluster,4,0.25,1.0,6,0.08466666666666667,0.0,0.003,0.298
discovery,joint_gaussian_regularized_cluster,4,0.25,1.5,6,0.10583333333333333,0.0,0.0025,0.351
discovery,joint_gaussian_regularized_cluster,4,0.25,2.0,6,0.106,0.0,0.003,0.316
discovery,joint_gaussian_regularized_cluster,4,0.5,0.25,6,0.015,0.0,0.0,0.079
discovery,joint_gaussian_regularized_cluster,4,0.5,0.5,6,0.03866666666666667,0.0,0.003,0.17
discovery,joint_gaussian_regularized_cluster,4,0.5,0.75,6,0.06366666666666666,0.0,0.0015,0.25
discovery,joint_gaussian_regularized_cluster,4,0.5,1.0,6,0.0735,0.0,0.002,0.259
discovery,joint_gaussian_regularized_cluster,4,0.5,1.5,6,0.09483333333333333,0.0,0.002,0.283
discovery,joint_gaussian_regularized_cluster,4,0.5,2.0,6,0.10116666666666667,0.0,0.0025,0.309
discovery,joint_gaussian_regularized_cluster,4,1.0,0.25,6,0.006833333333333334,0.0,0.0005,0.032
discovery,joint_gaussian_regularized_cluster,4,1.0,0.5,6,0.022833333333333334,0.0,0.0005,0.087
discovery,joint_gaussian_regularized_cluster,4,1.0,0.75,6,0.03416666666666667,0.0,0.0005,0.114
discovery,joint_gaussian_regularized_cluster,4,1.0,1.0,6,0.035666666666666666,0.0,0.0005,0.11
discovery,joint_gaussian_regularized_cluster,4,1.0,1.5,6,0.035833333333333335,0.0,0.0,0.114
discovery,joint_gaussian_regularized_cluster,4,1.0,2.0,6,0.03566666666666667,0.0,0.0,0.113
discovery,joint_gaussian_regularized_cluster,5,0.0,0.0,6,0.0,0.0,0.0,0.0
discovery,joint_gaussian_regularized_cluster,5,0.0,0.25,6,0.041666666666666664,0.0,0.0045,0.206
discovery,joint_gaussian_regularized_cluster,5,0.0,0.5,6,0.10716666666666667,0.0,0.005,0.447
discovery,joint_gaussian_regularized_cluster,5,0.0,0.75,6,0.15466666666666667,0.0,0.009,0.562
discovery,joint_gaussian_regularized_cluster,5,0.0,1.0,6,0.1795,0.0,0.01,0.58
discovery,joint_gaussian_regularized_cluster,5,0.0,1.5,6,0.19800000000000004,0.0,0.007,0.621
discovery,joint_gaussian_regularized_cluster,5,0.0,2.0,6,0.20166666666666666,0.0,0.0035,0.612
discovery,joint_gaussian_regularized_cluster,5,0.25,0.25,6,0.042833333333333334,0.0,0.001,0.221
discovery,joint_gaussian_regularized_cluster,5,0.25,0.5,6,0.11099999999999999,0.0,0.0035,0.479
discovery,joint_gaussian_regularized_cluster,5,0.25,0.75,6,0.161,0.0,0.009,0.585
discovery,joint_gaussian_regularized_cluster,5,0.25,1.0,6,0.18099999999999997,0.0,0.0095,0.588
discovery,joint_gaussian_regularized_cluster,5,0.25,1.5,6,0.20783333333333331,0.0,0.0065,0.661
discovery,joint_gaussian_regularized_cluster,5,0.25,2.0,6,0.2141666666666667,0.0,0.01,0.642
discovery,joint_gaussian_regularized_cluster,5,0.5,0.25,6,0.0355,0.0,0.001,0.179
discovery,joint_gaussian_regularized_cluster,5,0.5,0.5,6,0.10383333333333333,0.0,0.007,0.419
discovery,joint_gaussian_regularized_cluster,5,0.5,0.75,6,0.139,0.0,0.0025,0.491
discovery,joint_gaussian_regularized_cluster,5,0.5,1.0,6,0.16783333333333336,0.0,0.007,0.562
discovery,joint_gaussian_regularized_cluster,5,0.5,1.5,6,0.19383333333333333,0.0,0.006,0.589
discovery,joint_gaussian_regularized_cluster,5,0.5,2.0,6,0.20350000000000001,0.0,0.005,0.634
discovery,joint_gaussian_regularized_cluster,5,1.0,0.25,6,0.020666666666666667,0.0,0.002,0.081
discovery,joint_gaussian_regularized_cluster,5,1.0,0.5,6,0.05383333333333334,0.0,0.001,0.183
discovery,joint_gaussian_regularized_cluster,5,1.0,0.75,6,0.06983333333333334,0.0,0.0025,0.22
discovery,joint_gaussian_regularized_cluster,5,1.0,1.0,6,0.06783333333333334,0.0,0.001,0.208
discovery,joint_gaussian_regularized_cluster,5,1.0,1.5,6,0.07283333333333333,0.0,0.0025,0.219
discovery,joint_gaussian_regularized_cluster,5,1.0,2.0,6,0.0645,0.0,0.002,0.21
discovery,joint_gaussian_regularized_cluster,6,0.0,0.0,6,0.0,0.0,0.0,0.0
discovery,joint_gaussian_regularized_cluster,6,0.0,0.25,6,0.07766666666666666,0.0,0.0065,0.382
discovery,joint_gaussian_regularized_cluster,6,0.0,0.5,6,0.16983333333333336,0.0,0.0075,0.662
discovery,joint_gaussian_regularized_cluster,6,0.0,0.75,6,0.23033333333333336,0.0,0.0205,0.786
discovery,joint_gaussian_regularized_cluster,6,0.0,1.0,6,0.252,0.0,0.0165,0.792
discovery,joint_gaussian_regularized_cluster,6,0.0,1.5,6,0.27,0.0,0.0215,0.806
discovery,joint_gaussian_regularized_cluster,6,0.0,2.0,6,0.283,0.0,0.013,0.848
discovery,joint_gaussian_regularized_cluster,6,0.25,0.25,6,0.0765,0.0,0.003,0.374
discovery,joint_gaussian_regularized_cluster,6,0.25,0.5,6,0.17200000000000001,0.0,0.012,0.669
discovery,joint_gaussian_regularized_cluster,6,0.25,0.75,6,0.23416666666666666,0.0,0.02,0.794
discovery,joint_gaussian_regularized_cluster,6,0.25,1.0,6,0.254,0.0,0.0215,0.784
discovery,joint_gaussian_regularized_cluster,6,0.25,1.5,6,0.2805,0.0,0.0185,0.86
discovery,joint_gaussian_regularized_cluster,6,0.25,2.0,6,0.2813333333333333,0.0,0.0205,0.828
discovery,joint_gaussian_regularized_cluster,6,0.5,0.25,6,0.07083333333333335,0.0,0.0055,0.336
discovery,joint_gaussian_regularized_cluster,6,0.5,0.5,6,0.16833333333333333,0.0,0.0155,0.617
discovery,joint_gaussian_regularized_cluster,6,0.5,0.75,6,0.2065,0.0,0.0145,0.69
discovery,joint_gaussian_regularized_cluster,6,0.5,1.0,6,0.23866666666666667,0.0,0.016,0.747
discovery,joint_gaussian_regularized_cluster,6,0.5,1.5,6,0.26166666666666666,0.0,0.0165,0.793
discovery,joint_gaussian_regularized_cluster,6,0.5,2.0,6,0.26566666666666666,0.0,0.013,0.818
discovery,joint_gaussian_regularized_cluster,6,1.0,0.25,6,0.039,0.0,0.003,0.151
discovery,joint_gaussian_regularized_cluster,6,1.0,0.5,6,0.0765,0.0,0.006,0.229
discovery,joint_gaussian_regularized_cluster,6,1.0,0.75,6,0.09333333333333334,0.0,0.005,0.278
discovery,joint_gaussian_regularized_cluster,6,1.0,1.0,6,0.09283333333333334,0.0,0.0045,0.28
discovery,joint_gaussian_regularized_cluster,6,1.0,1.5,6,0.09599999999999999,0.0,0.005,0.284
discovery,joint_gaussian_regularized_cluster,6,1.0,2.0,6,0.08683333333333333,0.0,0.0055,0.263
discovery,joint_gaussian_regularized_cluster,8,0.0,0.0,6,0.0,0.0,0.0,0.0
discovery,joint_gaussian_regularized_cluster,8,0.0,0.25,6,0.155,0.0,0.0185,0.653
discovery,joint_gaussian_regularized_cluster,8,0.0,0.5,6,0.2675,0.0,0.041,0.897
discovery,joint_gaussian_regularized_cluster,8,0.0,0.75,6,0.32066666666666666,0.0,0.0595,0.965
discovery,joint_gaussian_regularized_cluster,8,0.0,1.0,6,0.3345,0.0,0.0585,0.974
discovery,joint_gaussian_regularized_cluster,8,0.0,1.5,6,0.34149999999999997,0.0,0.0605,0.971
discovery,joint_gaussian_regularized_cluster,8,0.0,2.0,6,0.3401666666666667,0.0,0.045,0.98
discovery,joint_gaussian_regularized_cluster,8,0.25,0.25,6,0.15116666666666667,0.0,0.0145,0.641
discovery,joint_gaussian_regularized_cluster,8,0.25,0.5,6,0.26916666666666667,0.0,0.039,0.895
discovery,joint_gaussian_regularized_cluster,8,0.25,0.75,6,0.32116666666666666,0.0,0.0645,0.952
discovery,joint_gaussian_regularized_cluster,8,0.25,1.0,6,0.3283333333333333,0.0,0.0535,0.961
discovery,joint_gaussian_regularized_cluster,8,0.25,1.5,6,0.3411666666666666,0.0,0.055,0.979
discovery,joint_gaussian_regularized_cluster,8,0.25,2.0,6,0.34450000000000003,0.0,0.065,0.969
discovery,joint_gaussian_regularized_cluster,8,0.5,0.25,6,0.1295,0.0,0.0145,0.539
discovery,joint_gaussian_regularized_cluster,8,0.5,0.5,6,0.24883333333333332,0.0,0.043,0.798
discovery,joint_gaussian_regularized_cluster,8,0.5,0.75,6,0.292,0.0,0.049,0.888
discovery,joint_gaussian_regularized_cluster,8,0.5,1.0,6,0.3115,0.0,0.052,0.915
discovery,joint_gaussian_regularized_cluster,8,0.5,1.5,6,0.32316666666666666,0.0,0.0505,0.935
discovery,joint_gaussian_regularized_cluster,8,0.5,2.0,6,0.3313333333333333,0.0,0.0515,0.963
discovery,joint_gaussian_regularized_cluster,8,1.0,0.25,6,0.06999999999999999,0.0,0.0085,0.229
discovery,joint_gaussian_regularized_cluster,8,1.0,0.5,6,0.10033333333333334,0.0,0.0145,0.296
discovery,joint_gaussian_regularized_cluster,8,1.0,0.75,6,0.11283333333333333,0.0,0.019,0.35
discovery,joint_gaussian_regularized_cluster,8,1.0,1.0,6,0.11316666666666668,0.0,0.0205,0.341
discovery,joint_gaussian_regularized_cluster,8,1.0,1.5,6,0.1055,0.0,0.0155,0.321
discovery,joint_gaussian_regularized_cluster,8,1.0,2.0,6,0.10133333333333333,0.0,0.0165,0.315
discovery,joint_gaussian_regularized_cluster,10,0.0,0.0,6,0.0,0.0,0.0,0.0
discovery,joint_gaussian_regularized_cluster,10,0.0,0.25,6,0.21750000000000003,0.0,0.0375,0.804
discovery,joint_gaussian_regularized_cluster,10,0.0,0.5,6,0.329,0.0,0.0895,0.973
discovery,joint_gaussian_regularized_cluster,10,0.0,0.75,6,0.3601666666666667,0.0,0.104,0.994
discovery,joint_gaussian_regularized_cluster,10,0.0,1.0,6,0.3666666666666667,0.0,0.112,0.993
discovery,joint_gaussian_regularized_cluster,10,0.0,1.5,6,0.37316666666666665,0.0,0.1255,0.994
discovery,joint_gaussian_regularized_cluster,10,0.0,2.0,6,0.3621666666666667,0.0,0.0905,0.999
discovery,joint_gaussian_regularized_cluster,10,0.25,0.25,6,0.21366666666666667,0.0,0.0355,0.791
discovery,joint_gaussian_regularized_cluster,10,0.25,0.5,6,0.3268333333333333,0.0,0.0795,0.956
discovery,joint_gaussian_regularized_cluster,10,0.25,0.75,6,0.3625,0.0,0.117,0.991
discovery,joint_gaussian_regularized_cluster,10,0.25,1.0,6,0.36533333333333334,0.0,0.1095,0.994
discovery,joint_gaussian_regularized_cluster,10,0.25,1.5,6,0.3661666666666667,0.0,0.1025,1.0
discovery,joint_gaussian_regularized_cluster,10,0.25,2.0,6,0.3713333333333333,0.0,0.1175,0.998
discovery,joint_gaussian_regularized_cluster,10,0.5,0.25,6,0.18266666666666667,0.0,0.0325,0.649
discovery,joint_gaussian_regularized_cluster,10,0.5,0.5,6,0.29550000000000004,0.0,0.08,0.865
discovery,joint_gaussian_regularized_cluster,10,0.5,0.75,6,0.3333333333333333,0.0,0.105,0.931
discovery,joint_gaussian_regularized_cluster,10,0.5,1.0,6,0.34883333333333333,0.0,0.102,0.968
discovery,joint_gaussian_regularized_cluster,10,0.5,1.5,6,0.3555,0.0,0.0995,0.978
discovery,joint_gaussian_regularized_cluster,10,0.5,2.0,6,0.3601666666666667,0.0,0.1035,0.99
discovery,joint_gaussian_regularized_cluster,10,1.0,0.25,6,0.07983333333333333,0.0,0.013,0.23
discovery,joint_gaussian_regularized_cluster,10,1.0,0.5,6,0.10683333333333334,0.0,0.028,0.318
discovery,joint_gaussian_regularized_cluster,10,1.0,0.75,6,0.114,0.0,0.036,0.338
discovery,joint_gaussian_regularized_cluster,10,1.0,1.0,6,0.118,0.0,0.034,0.337
discovery,joint_gaussian_regularized_cluster,10,1.0,1.5,6,0.10766666666666667,0.0,0.0315,0.318
discovery,joint_gaussian_regularized_cluster,10,1.0,2.0,6,0.10099999999999999,0.0,0.0255,0.298
discovery,joint_gaussian_regularized_cluster,12,0.0,0.0,6,0.0,0.0,0.0,0.0
discovery,joint_gaussian_regularized_cluster,12,0.0,0.25,6,0.2683333333333333,0.0,0.073,0.886
discovery,joint_gaussian_regularized_cluster,12,0.0,0.5,6,0.3661666666666667,0.0,0.14,0.994
discovery,joint_gaussian_regularized_cluster,12,0.0,0.75,6,0.38633333333333336,0.0,0.1675,0.999
discovery,joint_gaussian_regularized_cluster,12,0.0,1.0,6,0.38833333333333336,0.0,0.1665,1.0
discovery,joint_gaussian_regularized_cluster,12,0.0,1.5,6,0.397,0.0,0.1915,1.0
discovery,joint_gaussian_regularized_cluster,12,0.0,2.0,6,0.38400000000000006,0.0,0.152,1.0
discovery,joint_gaussian_regularized_cluster,12,0.25,0.25,6,0.26216666666666666,0.0,0.0625,0.878
discovery,joint_gaussian_regularized_cluster,12,0.25,0.5,6,0.36633333333333334,0.0,0.139,0.987
discovery,joint_gaussian_regularized_cluster,12,0.25,0.75,6,0.38483333333333336,0.0,0.1635,0.997
discovery,joint_gaussian_regularized_cluster,12,0.25,1.0,6,0.38800000000000007,0.0,0.165,1.0
discovery,joint_gaussian_regularized_cluster,12,0.25,1.5,6,0.38949999999999996,0.0,0.169,1.0
discovery,joint_gaussian_regularized_cluster,12,0.25,2.0,6,0.3938333333333333,0.0,0.182,1.0
discovery,joint_gaussian_regularized_cluster,12,0.5,0.25,6,0.221,0.0,0.0615,0.694
discovery,joint_gaussian_regularized_cluster,12,0.5,0.5,6,0.33,0.0,0.127,0.902
discovery,joint_gaussian_regularized_cluster,12,0.5,0.75,6,0.36433333333333334,0.0,0.16,0.956
discovery,joint_gaussian_regularized_cluster,12,0.5,1.0,6,0.37733333333333335,0.0,0.163,0.983
discovery,joint_gaussian_regularized_cluster,12,0.5,1.5,6,0.37966666666666665,0.0,0.1595,0.988
discovery,joint_gaussian_regularized_cluster,12,0.5,2.0,6,0.38483333333333336,0.0,0.1665,0.999
discovery,joint_gaussian_regularized_cluster,12,1.0,0.25,6,0.08383333333333333,0.0,0.0275,0.242
discovery,joint_gaussian_regularized_cluster,12,1.0,0.5,6,0.10816666666666667,0.0,0.051,0.318
discovery,joint_gaussian_regularized_cluster,12,1.0,0.75,6,0.11533333333333334,0.0,0.05,0.34
discovery,joint_gaussian_regularized_cluster,12,1.0,1.0,6,0.12266666666666666,0.0,0.054,0.331
discovery,joint_gaussian_regularized_cluster,12,1.0,1.5,6,0.10716666666666667,0.0,0.0465,0.298
discovery,joint_gaussian_regularized_cluster,12,1.0,2.0,6,0.09716666666666667,0.0,0.0365,0.272
discovery,joint_wild_cluster_rademacher,3,0.0,0.0,6,0.0,0.0,0.0,0.0
discovery,joint_wild_cluster_rademacher,3,0.0,0.25,6,0.0,0.0,0.0,0.0
discovery,joint_wild_cluster_rademacher,3,0.0,0.5,6,0.0,0.0,0.0,0.0
discovery,joint_wild_cluster_rademacher,3,0.0,0.75,6,0.0,0.0,0.0,0.0
discovery,joint_wild_cluster_rademacher,3,0.0,1.0,6,0.0,0.0,0.0,0.0
discovery,joint_wild_cluster_rademacher,3,0.0,1.5,6,0.0,0.0,0.0,0.0
discovery,joint_wild_cluster_rademacher,3,0.0,2.0,6,0.0,0.0,0.0,0.0
discovery,joint_wild_cluster_rademacher,3,0.25,0.25,6,0.0,0.0,0.0,0.0
discovery,joint_wild_cluster_rademacher,3,0.25,0.5,6,0.0,0.0,0.0,0.0
discovery,joint_wild_cluster_rademacher,3,0.25,0.75,6,0.0,0.0,0.0,0.0
discovery,joint_wild_cluster_rademacher,3,0.25,1.0,6,0.0,0.0,0.0,0.0
discovery,joint_wild_cluster_rademacher,3,0.25,1.5,6,0.0,0.0,0.0,0.0
discovery,joint_wild_cluster_rademacher,3,0.25,2.0,6,0.0,0.0,0.0,0.0
discovery,joint_wild_cluster_rademacher,3,0.5,0.25,6,0.0,0.0,0.0,0.0
discovery,joint_wild_cluster_rademacher,3,0.5,0.5,6,0.0,0.0,0.0,0.0
discovery,joint_wild_cluster_rademacher,3,0.5,0.75,6,0.0,0.0,0.0,0.0
discovery,joint_wild_cluster_rademacher,3,0.5,1.0,6,0.0,0.0,0.0,0.0
discovery,joint_wild_cluster_rademacher,3,0.5,1.5,6,0.0,0.0,0.0,0.0
discovery,joint_wild_cluster_rademacher,3,0.5,2.0,6,0.0,0.0,0.0,0.0
discovery,joint_wild_cluster_rademacher,3,1.0,0.25,6,0.0,0.0,0.0,0.0
discovery,joint_wild_cluster_rademacher,3,1.0,0.5,6,0.0,0.0,0.0,0.0
discovery,joint_wild_cluster_rademacher,3,1.0,0.75,6,0.0,0.0,0.0,0.0
discovery,joint_wild_cluster_rademacher,3,1.0,1.0,6,0.0,0.0,0.0,0.0
discovery,joint_wild_cluster_rademacher,3,1.0,1.5,6,0.0,0.0,0.0,0.0
discovery,joint_wild_cluster_rademacher,3,1.0,2.0,6,0.0,0.0,0.0,0.0
discovery,joint_wild_cluster_rademacher,4,0.0,0.0,6,0.0,0.0,0.0,0.0
discovery,joint_wild_cluster_rademacher,4,0.0,0.25,6,0.012666666666666668,0.0,0.0005,0.067
discovery,joint_wild_cluster_rademacher,4,0.0,0.5,6,0.048499999999999995,0.0,0.002,0.216
discovery,joint_wild_cluster_rademacher,4,0.0,0.75,6,0.067,0.0,0.001,0.263
discovery,joint_wild_cluster_rademacher,4,0.0,1.0,6,0.08683333333333333,0.0,0.0025,0.317
discovery,joint_wild_cluster_rademacher,4,0.0,1.5,6,0.09633333333333334,0.0,0.001,0.304
discovery,joint_wild_cluster_rademacher,4,0.0,2.0,6,0.105,0.0,0.0025,0.315
discovery,joint_wild_cluster_rademacher,4,0.25,0.25,6,0.014333333333333332,0.0,0.0,0.073
discovery,joint_wild_cluster_rademacher,4,0.25,0.5,6,0.04666666666666667,0.0,0.002,0.213
discovery,joint_wild_cluster_rademacher,4,0.25,0.75,6,0.0635,0.0,0.0015,0.245
discovery,joint_wild_cluster_rademacher,4,0.25,1.0,6,0.07983333333333333,0.0,0.0015,0.269
discovery,joint_wild_cluster_rademacher,4,0.25,1.5,6,0.09300000000000001,0.0,0.002,0.3
discovery,joint_wild_cluster_rademacher,4,0.25,2.0,6,0.1045,0.0,0.002,0.324
discovery,joint_wild_cluster_rademacher,4,0.5,0.25,6,0.013333333333333334,0.0,0.0005,0.066
discovery,joint_wild_cluster_rademacher,4,0.5,0.5,6,0.04,0.0,0.002,0.178
discovery,joint_wild_cluster_rademacher,4,0.5,0.75,6,0.06333333333333334,0.0,0.001,0.253
discovery,joint_wild_cluster_rademacher,4,0.5,1.0,6,0.07583333333333334,0.0,0.002,0.273
discovery,joint_wild_cluster_rademacher,4,0.5,1.5,6,0.08700000000000001,0.0,0.0015,0.278
discovery,joint_wild_cluster_rademacher,4,0.5,2.0,6,0.09766666666666668,0.0,0.0015,0.303
discovery,joint_wild_cluster_rademacher,4,1.0,0.25,6,0.010833333333333334,0.0,0.001,0.05
discovery,joint_wild_cluster_rademacher,4,1.0,0.5,6,0.022000000000000002,0.0,0.0005,0.066
discovery,joint_wild_cluster_rademacher,4,1.0,0.75,6,0.0315,0.0,0.0,0.101
discovery,joint_wild_cluster_rademacher,4,1.0,1.0,6,0.034,0.0,0.0005,0.104
discovery,joint_wild_cluster_rademacher,4,1.0,1.5,6,0.035,0.0,0.0005,0.113
discovery,joint_wild_cluster_rademacher,4,1.0,2.0,6,0.03466666666666667,0.0,0.0,0.108
discovery,joint_wild_cluster_rademacher,5,0.0,0.0,6,0.0,0.0,0.0,0.0
discovery,joint_wild_cluster_rademacher,5,0.0,0.25,6,0.04,0.0,0.001,0.198
discovery,joint_wild_cluster_rademacher,5,0.0,0.5,6,0.11533333333333333,0.0,0.006,0.488
discovery,joint_wild_cluster_rademacher,5,0.0,0.75,6,0.1555,0.0,0.0055,0.563
discovery,joint_wild_cluster_rademacher,5,0.0,1.0,6,0.18600000000000003,0.0,0.0065,0.627
discovery,joint_wild_cluster_rademacher,5,0.0,1.5,6,0.20483333333333334,0.0,0.007,0.644
discovery,joint_wild_cluster_rademacher,5,0.0,2.0,6,0.21183333333333332,0.0,0.007,0.647
discovery,joint_wild_cluster_rademacher,5,0.25,0.25,6,0.046000000000000006,0.0,0.0015,0.229
discovery,joint_wild_cluster_rademacher,5,0.25,0.5,6,0.11766666666666666,0.0,0.0065,0.481
discovery,joint_wild_cluster_rademacher,5,0.25,0.75,6,0.15066666666666667,0.0,0.004,0.547
discovery,joint_wild_cluster_rademacher,5,0.25,1.0,6,0.1745,0.0,0.0055,0.573
discovery,joint_wild_cluster_rademacher,5,0.25,1.5,6,0.19433333333333333,0.0,0.008,0.598
discovery,joint_wild_cluster_rademacher,5,0.25,2.0,6,0.21116666666666664,0.0,0.006,0.634
discovery,joint_wild_cluster_rademacher,5,0.5,0.25,6,0.03833333333333333,0.0,0.004,0.175
discovery,joint_wild_cluster_rademacher,5,0.5,0.5,6,0.10666666666666667,0.0,0.004,0.444
discovery,joint_wild_cluster_rademacher,5,0.5,0.75,6,0.1456666666666667,0.0,0.006,0.527
discovery,joint_wild_cluster_rademacher,5,0.5,1.0,6,0.169,0.0,0.0095,0.549
discovery,joint_wild_cluster_rademacher,5,0.5,1.5,6,0.19233333333333333,0.0,0.005,0.623
discovery,joint_wild_cluster_rademacher,5,0.5,2.0,6,0.20199999999999999,0.0,0.0045,0.62
discovery,joint_wild_cluster_rademacher,5,1.0,0.25,6,0.02,0.0,0.002,0.079
discovery,joint_wild_cluster_rademacher,5,1.0,0.5,6,0.051666666666666666,0.0,0.002,0.161
discovery,joint_wild_cluster_rademacher,5,1.0,0.75,6,0.07016666666666667,0.0,0.003,0.209
discovery,joint_wild_cluster_rademacher,5,1.0,1.0,6,0.06983333333333334,0.0,0.002,0.221
discovery,joint_wild_cluster_rademacher,5,1.0,1.5,6,0.072,0.0,0.002,0.214
discovery,joint_wild_cluster_rademacher,5,1.0,2.0,6,0.0725,0.0,0.001,0.239
discovery,joint_wild_cluster_rademacher,6,0.0,0.0,6,0.0,0.0,0.0,0.0
discovery,joint_wild_cluster_rademacher,6,0.0,0.25,6,0.078,0.0,0.0025,0.36
discovery,joint_wild_cluster_rademacher,6,0.0,0.5,6,0.17966666666666664,0.0,0.018,0.694
discovery,joint_wild_cluster_rademacher,6,0.0,0.75,6,0.22983333333333333,0.0,0.017,0.773
discovery,joint_wild_cluster_rademacher,6,0.0,1.0,6,0.2558333333333333,0.0,0.015,0.815
discovery,joint_wild_cluster_rademacher,6,0.0,1.5,6,0.2778333333333333,0.0,0.0215,0.839
discovery,joint_wild_cluster_rademacher,6,0.0,2.0,6,0.2828333333333333,0.0,0.016,0.838
discovery,joint_wild_cluster_rademacher,6,0.25,0.25,6,0.08166666666666667,0.0,0.0045,0.372
discovery,joint_wild_cluster_rademacher,6,0.25,0.5,6,0.17816666666666667,0.0,0.0125,0.69
discovery,joint_wild_cluster_rademacher,6,0.25,0.75,6,0.2273333333333333,0.0,0.0145,0.766
discovery,joint_wild_cluster_rademacher,6,0.25,1.0,6,0.25366666666666665,0.0,0.016,0.796
discovery,joint_wild_cluster_rademacher,6,0.25,1.5,6,0.27366666666666667,0.0,0.017,0.82
discovery,joint_wild_cluster_rademacher,6,0.25,2.0,6,0.27566666666666667,0.0,0.014,0.823
discovery,joint_wild_cluster_rademacher,6,0.5,0.25,6,0.06866666666666667,0.0,0.005,0.309
discovery,joint_wild_cluster_rademacher,6,0.5,0.5,6,0.15916666666666668,0.0,0.011,0.601
discovery,joint_wild_cluster_rademacher,6,0.5,0.75,6,0.20950000000000002,0.0,0.01,0.712
discovery,joint_wild_cluster_rademacher,6,0.5,1.0,6,0.242,0.0,0.0205,0.772
discovery,joint_wild_cluster_rademacher,6,0.5,1.5,6,0.25816666666666666,0.0,0.0155,0.806
discovery,joint_wild_cluster_rademacher,6,0.5,2.0,6,0.27016666666666667,0.0,0.0155,0.819
discovery,joint_wild_cluster_rademacher,6,1.0,0.25,6,0.03616666666666667,0.0,0.003,0.134
discovery,joint_wild_cluster_rademacher,6,1.0,0.5,6,0.074,0.0,0.0035,0.222
discovery,joint_wild_cluster_rademacher,6,1.0,0.75,6,0.09150000000000001,0.0,0.006,0.269
discovery,joint_wild_cluster_rademacher,6,1.0,1.0,6,0.09300000000000001,0.0,0.007,0.297
discovery,joint_wild_cluster_rademacher,6,1.0,1.5,6,0.09516666666666666,0.0,0.0055,0.298
discovery,joint_wild_cluster_rademacher,6,1.0,2.0,6,0.09600000000000002,0.0,0.005,0.307
discovery,joint_wild_cluster_rademacher,8,0.0,0.0,6,0.0,0.0,0.0,0.0
discovery,joint_wild_cluster_rademacher,8,0.0,0.25,6,0.152,0.0,0.011,0.641
discovery,joint_wild_cluster_rademacher,8,0.0,0.5,6,0.2748333333333333,0.0,0.043,0.923
discovery,joint_wild_cluster_rademacher,8,0.0,0.75,6,0.31583333333333335,0.0,0.051,0.954
discovery,joint_wild_cluster_rademacher,8,0.0,1.0,6,0.3328333333333333,0.0,0.051,0.968
discovery,joint_wild_cluster_rademacher,8,0.0,1.5,6,0.3448333333333333,0.0,0.0655,0.974
discovery,joint_wild_cluster_rademacher,8,0.0,2.0,6,0.34149999999999997,0.0,0.056,0.974
discovery,joint_wild_cluster_rademacher,8,0.25,0.25,6,0.15733333333333333,0.0,0.018,0.646
discovery,joint_wild_cluster_rademacher,8,0.25,0.5,6,0.27366666666666667,0.0,0.037,0.921
discovery,joint_wild_cluster_rademacher,8,0.25,0.75,6,0.315,0.0,0.048,0.955
discovery,joint_wild_cluster_rademacher,8,0.25,1.0,6,0.33066666666666666,0.0,0.0565,0.96
discovery,joint_wild_cluster_rademacher,8,0.25,1.5,6,0.33916666666666667,0.0,0.0535,0.965
discovery,joint_wild_cluster_rademacher,8,0.25,2.0,6,0.33866666666666667,0.0,0.048,0.971
discovery,joint_wild_cluster_rademacher,8,0.5,0.25,6,0.134,0.0,0.014,0.532
discovery,joint_wild_cluster_rademacher,8,0.5,0.5,6,0.24433333333333332,0.0,0.034,0.812
discovery,joint_wild_cluster_rademacher,8,0.5,0.75,6,0.284,0.0,0.04,0.874
discovery,joint_wild_cluster_rademacher,8,0.5,1.0,6,0.3156666666666667,0.0,0.058,0.927
discovery,joint_wild_cluster_rademacher,8,0.5,1.5,6,0.3228333333333333,0.0,0.047,0.944
discovery,joint_wild_cluster_rademacher,8,0.5,2.0,6,0.33149999999999996,0.0,0.0555,0.949
discovery,joint_wild_cluster_rademacher,8,1.0,0.25,6,0.062,0.0,0.008,0.195
discovery,joint_wild_cluster_rademacher,8,1.0,0.5,6,0.09916666666666667,0.0,0.0145,0.309
discovery,joint_wild_cluster_rademacher,8,1.0,0.75,6,0.1105,0.0,0.021,0.329
discovery,joint_wild_cluster_rademacher,8,1.0,1.0,6,0.10633333333333332,0.0,0.018,0.315
discovery,joint_wild_cluster_rademacher,8,1.0,1.5,6,0.10966666666666668,0.0,0.016,0.338
discovery,joint_wild_cluster_rademacher,8,1.0,2.0,6,0.10333333333333333,0.0,0.0165,0.329
discovery,joint_wild_cluster_rademacher,10,0.0,0.0,6,0.0,0.0,0.0,0.0
discovery,joint_wild_cluster_rademacher,10,0.0,0.25,6,0.216,0.0,0.03,0.832
discovery,joint_wild_cluster_rademacher,10,0.0,0.5,6,0.32866666666666666,0.0,0.078,0.976
discovery,joint_wild_cluster_rademacher,10,0.0,0.75,6,0.3595,0.0,0.1075,0.985
discovery,joint_wild_cluster_rademacher,10,0.0,1.0,6,0.3645,0.0,0.1025,0.994
discovery,joint_wild_cluster_rademacher,10,0.0,1.5,6,0.37166666666666665,0.0,0.1215,0.996
discovery,joint_wild_cluster_rademacher,10,0.0,2.0,6,0.37033333333333335,0.0,0.117,0.998
discovery,joint_wild_cluster_rademacher,10,0.25,0.25,6,0.21833333333333335,0.0,0.0355,0.797
discovery,joint_wild_cluster_rademacher,10,0.25,0.5,6,0.3245,0.0,0.0765,0.965
discovery,joint_wild_cluster_rademacher,10,0.25,0.75,6,0.35716666666666663,0.0,0.1005,0.992
discovery,joint_wild_cluster_rademacher,10,0.25,1.0,6,0.3665,0.0,0.114,0.995
discovery,joint_wild_cluster_rademacher,10,0.25,1.5,6,0.36716666666666664,0.0,0.108,0.994
discovery,joint_wild_cluster_rademacher,10,0.25,2.0,6,0.369,0.0,0.1105,0.997
discovery,joint_wild_cluster_rademacher,10,0.5,0.25,6,0.17833333333333334,0.0,0.033,0.623
discovery,joint_wild_cluster_rademacher,10,0.5,0.5,6,0.294,0.0,0.069,0.891
discovery,joint_wild_cluster_rademacher,10,0.5,0.75,6,0.32983333333333337,0.0,0.092,0.928
discovery,joint_wild_cluster_rademacher,10,0.5,1.0,6,0.34600000000000003,0.0,0.0995,0.965
discovery,joint_wild_cluster_rademacher,10,0.5,1.5,6,0.35566666666666663,0.0,0.104,0.971
discovery,joint_wild_cluster_rademacher,10,0.5,2.0,6,0.3641666666666667,0.0,0.1185,0.984
discovery,joint_wild_cluster_rademacher,10,1.0,0.25,6,0.0765,0.0,0.012,0.221
discovery,joint_wild_cluster_rademacher,10,1.0,0.5,6,0.10666666666666667,0.0,0.029,0.328
discovery,joint_wild_cluster_rademacher,10,1.0,0.75,6,0.11183333333333334,0.0,0.033,0.311
discovery,joint_wild_cluster_rademacher,10,1.0,1.0,6,0.10666666666666667,0.0,0.0335,0.295
discovery,joint_wild_cluster_rademacher,10,1.0,1.5,6,0.11316666666666668,0.0,0.0285,0.342
discovery,joint_wild_cluster_rademacher,10,1.0,2.0,6,0.10483333333333333,0.0,0.0295,0.315
discovery,joint_wild_cluster_rademacher,12,0.0,0.0,6,0.0,0.0,0.0,0.0
discovery,joint_wild_cluster_rademacher,12,0.0,0.25,6,0.26533333333333337,0.0,0.0625,0.89
discovery,joint_wild_cluster_rademacher,12,0.0,0.5,6,0.36966666666666664,0.0,0.1375,0.994
discovery,joint_wild_cluster_rademacher,12,0.0,0.75,6,0.38466666666666666,0.0,0.161,0.999
discovery,joint_wild_cluster_rademacher,12,0.0,1.0,6,0.3873333333333333,0.0,0.1645,0.998
discovery,joint_wild_cluster_rademacher,12,0.0,1.5,6,0.39233333333333337,0.0,0.178,0.999
discovery,joint_wild_cluster_rademacher,12,0.0,2.0,6,0.3925,0.0,0.1785,1.0
discovery,joint_wild_cluster_rademacher,12,0.25,0.25,6,0.26699999999999996,0.0,0.0665,0.859
discovery,joint_wild_cluster_rademacher,12,0.25,0.5,6,0.363,0.0,0.135,0.988
discovery,joint_wild_cluster_rademacher,12,0.25,0.75,6,0.38316666666666666,0.0,0.158,0.998
discovery,joint_wild_cluster_rademacher,12,0.25,1.0,6,0.38966666666666666,0.0,0.171,1.0
discovery,joint_wild_cluster_rademacher,12,0.25,1.5,6,0.39166666666666666,0.0,0.176,1.0
discovery,joint_wild_cluster_rademacher,12,0.25,2.0,6,0.39166666666666666,0.0,0.176,0.999
discovery,joint_wild_cluster_rademacher,12,0.5,0.25,6,0.217,0.0,0.056,0.7
discovery,joint_wild_cluster_rademacher,12,0.5,0.5,6,0.33116666666666666,0.0,0.1285,0.919
discovery,joint_wild_cluster_rademacher,12,0.5,0.75,6,0.3581666666666667,0.0,0.147,0.949
discovery,joint_wild_cluster_rademacher,12,0.5,1.0,6,0.37633333333333335,0.0,0.169,0.977
discovery,joint_wild_cluster_rademacher,12,0.5,1.5,6,0.3795,0.0,0.163,0.983
discovery,joint_wild_cluster_rademacher,12,0.5,2.0,6,0.38833333333333336,0.0,0.1795,0.991
discovery,joint_wild_cluster_rademacher,12,1.0,0.25,6,0.085,0.0,0.0225,0.253
discovery,joint_wild_cluster_rademacher,12,1.0,0.5,6,0.10783333333333334,0.0,0.047,0.311
discovery,joint_wild_cluster_rademacher,12,1.0,0.75,6,0.11299999999999999,0.0,0.054,0.297
discovery,joint_wild_cluster_rademacher,12,1.0,1.0,6,0.10916666666666668,0.0,0.0485,0.286
discovery,joint_wild_cluster_rademacher,12,1.0,1.5,6,0.1185,0.0,0.047,0.334
discovery,joint_wild_cluster_rademacher,12,1.0,2.0,6,0.10166666666666667,0.0,0.0435,0.31
