artifact_role,artifact_path,exists,size_bytes,sha256,obs084a_freeze_manifest_id,obs084b_candidate_manifest_id,obs084c_confirmation_manifest_id,obs084c_opening_lock_id,obs084c_validation_returncode
obs083_carrier_controls,outputs/rig_registry/obs083_negative_control_localization/obs083_carrier_control_contrast.csv,True,47014,58f0451b2b321fc4c192464134fb70566404ed4d169e41dee89204d90f5c37c5,c360f3b4cd5d65067c8b1cca45800524b6ee5cf7ad31ed43aaedcdb0fcd0566d,0d58d3abd25677683bb29b25c5b4e1fc2fdd1fab83866893c2151a80b97fd4f5,bb573a6565be03648d5eab191a768ba1c95e13ab4ead6a55939f252d42dd57cf,7198b2d34bc8c469a54c8a83ad7e6dfe975c084fde947c1992b7ea6882dc26d2,0
obs083_relation_controls,outputs/rig_registry/obs083_negative_control_localization/obs083_relation_control_contrast.csv,True,25306,d8362e49c97d1ba8566ab9704b400139e0315c5dd7f6201be891deb8032c70a9,c360f3b4cd5d65067c8b1cca45800524b6ee5cf7ad31ed43aaedcdb0fcd0566d,0d58d3abd25677683bb29b25c5b4e1fc2fdd1fab83866893c2151a80b97fd4f5,bb573a6565be03648d5eab191a768ba1c95e13ab4ead6a55939f252d42dd57cf,7198b2d34bc8c469a54c8a83ad7e6dfe975c084fde947c1992b7ea6882dc26d2,0
obs083_subclasses,outputs/rig_registry/obs083_negative_control_localization/obs083_diagnostic_subclass_assignments.csv,True,19751,c3fd28c1bbc31dde900cedf9ed6ea3b3f40cddbfb64d642e5521461b5a186701,c360f3b4cd5d65067c8b1cca45800524b6ee5cf7ad31ed43aaedcdb0fcd0566d,0d58d3abd25677683bb29b25c5b4e1fc2fdd1fab83866893c2151a80b97fd4f5,bb573a6565be03648d5eab191a768ba1c95e13ab4ead6a55939f252d42dd57cf,7198b2d34bc8c469a54c8a83ad7e6dfe975c084fde947c1992b7ea6882dc26d2,0
obs084a_freeze_manifest,outputs/rig_registry/obs084_direct_failure_witness/bridge_resolution/obs084a_freeze_manifest.json,True,3097,03b06c37945d82655814548595281264ef46faa62e40d9a130c8dec46dc0aa8a,c360f3b4cd5d65067c8b1cca45800524b6ee5cf7ad31ed43aaedcdb0fcd0566d,0d58d3abd25677683bb29b25c5b4e1fc2fdd1fab83866893c2151a80b97fd4f5,bb573a6565be03648d5eab191a768ba1c95e13ab4ead6a55939f252d42dd57cf,7198b2d34bc8c469a54c8a83ad7e6dfe975c084fde947c1992b7ea6882dc26d2,0
obs084b_candidate_manifest_csv,outputs/rig_registry/obs084_direct_failure_witness/discovery/obs084b_candidate_freeze_manifest.csv,True,48119,06575ec3bf85143f5ef3c11d18ae785f81019ae5470e2fa587c2ca0da5773f0f,c360f3b4cd5d65067c8b1cca45800524b6ee5cf7ad31ed43aaedcdb0fcd0566d,0d58d3abd25677683bb29b25c5b4e1fc2fdd1fab83866893c2151a80b97fd4f5,bb573a6565be03648d5eab191a768ba1c95e13ab4ead6a55939f252d42dd57cf,7198b2d34bc8c469a54c8a83ad7e6dfe975c084fde947c1992b7ea6882dc26d2,0
obs084b_candidate_manifest_json,outputs/rig_registry/obs084_direct_failure_witness/discovery/obs084b_candidate_freeze_manifest.json,True,63130,4deb25d622ab1ecb377d32468975aea6c332f18c2a88b64aa3cc1c67fef29167,c360f3b4cd5d65067c8b1cca45800524b6ee5cf7ad31ed43aaedcdb0fcd0566d,0d58d3abd25677683bb29b25c5b4e1fc2fdd1fab83866893c2151a80b97fd4f5,bb573a6565be03648d5eab191a768ba1c95e13ab4ead6a55939f252d42dd57cf,7198b2d34bc8c469a54c8a83ad7e6dfe975c084fde947c1992b7ea6882dc26d2,0
obs084b_observation_losses,outputs/rig_registry/obs084_direct_failure_witness/discovery/obs084b_discovery_observation_losses.csv,True,3691621,c786394ad527d7879f0bf0e99a2a751868edd0f00f973374ffcff5ae3b860405,c360f3b4cd5d65067c8b1cca45800524b6ee5cf7ad31ed43aaedcdb0fcd0566d,0d58d3abd25677683bb29b25c5b4e1fc2fdd1fab83866893c2151a80b97fd4f5,bb573a6565be03648d5eab191a768ba1c95e13ab4ead6a55939f252d42dd57cf,7198b2d34bc8c469a54c8a83ad7e6dfe975c084fde947c1992b7ea6882dc26d2,0
obs084b_opening_lock,outputs/rig_registry/obs084_direct_failure_witness/discovery/obs084c_confirmation_opening_lock.json,True,1004,f47e62b8f67de9ba2678ff6c37c4c735487ee62ed8122415dd8e78e757a3bc3e,c360f3b4cd5d65067c8b1cca45800524b6ee5cf7ad31ed43aaedcdb0fcd0566d,0d58d3abd25677683bb29b25c5b4e1fc2fdd1fab83866893c2151a80b97fd4f5,bb573a6565be03648d5eab191a768ba1c95e13ab4ead6a55939f252d42dd57cf,7198b2d34bc8c469a54c8a83ad7e6dfe975c084fde947c1992b7ea6882dc26d2,0
obs084b_support_inventory,outputs/rig_registry/obs084_direct_failure_witness/discovery/obs084b_support_candidate_inventory.csv,True,641473,dcc01eb3a2402cce13fa37431ea7fd61068f61a10e77a77c99be7a37c8f7deba,c360f3b4cd5d65067c8b1cca45800524b6ee5cf7ad31ed43aaedcdb0fcd0566d,0d58d3abd25677683bb29b25c5b4e1fc2fdd1fab83866893c2151a80b97fd4f5,bb573a6565be03648d5eab191a768ba1c95e13ab4ead6a55939f252d42dd57cf,7198b2d34bc8c469a54c8a83ad7e6dfe975c084fde947c1992b7ea6882dc26d2,0
obs084b_support_matching,outputs/rig_registry/obs084_direct_failure_witness/discovery/obs084b_support_complement_matching.csv,True,3815132,cba3817a2ecd9b23a5feb3cf9929905c7ab222f8600a289aadfc9e1a97971fee,c360f3b4cd5d65067c8b1cca45800524b6ee5cf7ad31ed43aaedcdb0fcd0566d,0d58d3abd25677683bb29b25c5b4e1fc2fdd1fab83866893c2151a80b97fd4f5,bb573a6565be03648d5eab191a768ba1c95e13ab4ead6a55939f252d42dd57cf,7198b2d34bc8c469a54c8a83ad7e6dfe975c084fde947c1992b7ea6882dc26d2,0
obs084c_candidate_outcomes,outputs/rig_registry/obs084_direct_failure_witness/confirmation/obs084c_candidate_outcomes.csv,True,11498,8e2a2aaacdfbde875470075f04f51d5f2f1348c184c70aed26299eac9871dd9c,c360f3b4cd5d65067c8b1cca45800524b6ee5cf7ad31ed43aaedcdb0fcd0566d,0d58d3abd25677683bb29b25c5b4e1fc2fdd1fab83866893c2151a80b97fd4f5,bb573a6565be03648d5eab191a768ba1c95e13ab4ead6a55939f252d42dd57cf,7198b2d34bc8c469a54c8a83ad7e6dfe975c084fde947c1992b7ea6882dc26d2,0
obs084c_confirmation_manifest,outputs/rig_registry/obs084_direct_failure_witness/confirmation/obs084c_confirmation_manifest.json,True,37140,101cd3bf0db74f933a9eb4b845685812bdf0562988903fe18f95c23c271aacd4,c360f3b4cd5d65067c8b1cca45800524b6ee5cf7ad31ed43aaedcdb0fcd0566d,0d58d3abd25677683bb29b25c5b4e1fc2fdd1fab83866893c2151a80b97fd4f5,bb573a6565be03648d5eab191a768ba1c95e13ab4ead6a55939f252d42dd57cf,7198b2d34bc8c469a54c8a83ad7e6dfe975c084fde947c1992b7ea6882dc26d2,0
obs084c_observation_losses,outputs/rig_registry/obs084_direct_failure_witness/confirmation/obs084c_confirmation_observation_losses.csv,True,3188859,cd5b2055126c9eafe4bc2348484396f544f35011bb26674d08e0d5665ae4e5d4,c360f3b4cd5d65067c8b1cca45800524b6ee5cf7ad31ed43aaedcdb0fcd0566d,0d58d3abd25677683bb29b25c5b4e1fc2fdd1fab83866893c2151a80b97fd4f5,bb573a6565be03648d5eab191a768ba1c95e13ab4ead6a55939f252d42dd57cf,7198b2d34bc8c469a54c8a83ad7e6dfe975c084fde947c1992b7ea6882dc26d2,0
obs084c_support_validation,outputs/rig_registry/obs084_direct_failure_witness/confirmation/obs084c_support_complement_validation.csv,True,8739,af238f6c87cf1de253fe46d7a08370451f76648410652b8ee5184d44f2bf97ae,c360f3b4cd5d65067c8b1cca45800524b6ee5cf7ad31ed43aaedcdb0fcd0566d,0d58d3abd25677683bb29b25c5b4e1fc2fdd1fab83866893c2151a80b97fd4f5,bb573a6565be03648d5eab191a768ba1c95e13ab4ead6a55939f252d42dd57cf,7198b2d34bc8c469a54c8a83ad7e6dfe975c084fde947c1992b7ea6882dc26d2,0
obs084c_validation_script,experiments/studies/obs084c_direct_failure_support_confirmation.py,True,76840,5090aefa7dfde231a95ed65982af45c8f9af40cb323cba84ba199590b8c36c9c,c360f3b4cd5d65067c8b1cca45800524b6ee5cf7ad31ed43aaedcdb0fcd0566d,0d58d3abd25677683bb29b25c5b4e1fc2fdd1fab83866893c2151a80b97fd4f5,bb573a6565be03648d5eab191a768ba1c95e13ab4ead6a55939f252d42dd57cf,7198b2d34bc8c469a54c8a83ad7e6dfe975c084fde947c1992b7ea6882dc26d2,0
obs085_protocol,docs/05_project/085_failure_support_detection_power_and_confirmation_feasibility_protocol.md,True,62252,b5c852ab7c8abbc8f497b8e4efd0768fb0b45a878ebcef0c8446b3ec568499b9,c360f3b4cd5d65067c8b1cca45800524b6ee5cf7ad31ed43aaedcdb0fcd0566d,0d58d3abd25677683bb29b25c5b4e1fc2fdd1fab83866893c2151a80b97fd4f5,bb573a6565be03648d5eab191a768ba1c95e13ab4ead6a55939f252d42dd57cf,7198b2d34bc8c469a54c8a83ad7e6dfe975c084fde947c1992b7ea6882dc26d2,0
rig_registry,outputs/rig_registry/rig_relation_registry.csv,True,21941,211d6270d948503ffda4a866558ca95fec0bc9fe99a5fe201616b842389ae631,c360f3b4cd5d65067c8b1cca45800524b6ee5cf7ad31ed43aaedcdb0fcd0566d,0d58d3abd25677683bb29b25c5b4e1fc2fdd1fab83866893c2151a80b97fd4f5,bb573a6565be03648d5eab191a768ba1c95e13ab4ead6a55939f252d42dd57cf,7198b2d34bc8c469a54c8a83ad7e6dfe975c084fde947c1992b7ea6882dc26d2,0
