address_id,record_id,support_id,relation,carrier,entitlement_status,reliability_target,tested_scenario_cells,sealed_candidate_cells,sealed_candidate_share,partition_discordant_cells,simulator_discordant_cells,outside_tested_reliability_envelope_cells,no_go_under_frozen_contract_cells,nonmonotonicity_hold_cells,minimum_total_nominal_objects_among_candidates,median_total_nominal_objects_among_candidates,maximum_total_nominal_objects_among_candidates,maximum_paired_robust_final_probability,median_paired_robust_final_probability,candidate_family_status,sealed_candidate_ids_json,scenario_conditioning_warning
03ef63db7584762143dc3914,three_way__no_window,114bd7932e0008f8ef79,three_way,no_window,fl3_entitlement_capped,0.5,25,18,0.72,0,0,6,1,0,13.0,13.0,20.0,0.927,0.88,sealed_candidate_for_restricted_scenario_subset,"[""PP-0570bfcda3948bc848c616ca"",""PP-14fdc1d25c6b1196ab09bf24"",""PP-3790fb0e5559953faaa66807"",""PP-38df9acc0b637ad805379e51"",""PP-4c59e20c33782071fd3811ff"",""PP-7df13a5fa3485c9a6a114767"",""PP-8d63ef506eb04a20e701df2f"",""PP-90af40a91a74c8f0a0a7ae29"",""PP-940afef89192d494552c3ab4"",""PP-9cabce8d3078ca274ef484a2"",""PP-9ce0941c8a80e4586a4ac649"",""PP-a3b315ba23676a4c31d99572"",""PP-ad9e7d8e94f915558566f655"",""PP-bd290ec076c737e3d680a878"",""PP-bf9dc21bd8a91623df2b8744"",""PP-c2f4087261b7e76662273358"",""PP-cae8df08c8138f1f8e11afc0"",""PP-dcf31ac6e330465f30987de6""]",candidate share is over simulator stress-test cells; delta and lambda are not selectable campaign properties
03ef63db7584762143dc3914,three_way__no_window,114bd7932e0008f8ef79,three_way,no_window,fl3_entitlement_capped,0.8,25,14,0.56,3,0,7,1,0,16.0,18.0,20.0,0.927,0.88,sealed_candidate_for_restricted_scenario_subset,"[""PP-1616a263e0689babc6a7bde7"",""PP-42d0789db1df2e8a4433d4f0"",""PP-5a2ebc0122ed5f9f36b1722d"",""PP-5c6d50936817816e1ad75406"",""PP-6dbd1a0d134e7568b2d79ea8"",""PP-77eb0cc296f9f1711c7450ff"",""PP-a65adf32dee4acf4ae5f4743"",""PP-bf2a8f6e81e24a76f927ee36"",""PP-bf628a612740758145abcbe8"",""PP-c21f7f4a0d25d018f14d8196"",""PP-ced167cf5636b666fa4cea1e"",""PP-cf73f56aaea3a0afac2b16ae"",""PP-e509aa8d1154cfbd2def1b96"",""PP-f8fb3a70d82cef4b2d7ea186""]",candidate share is over simulator stress-test cells; delta and lambda are not selectable campaign properties
03ef63db7584762143dc3914,three_way__no_window,114bd7932e0008f8ef79,three_way,no_window,fl3_entitlement_capped,0.9,25,10,0.4,5,0,9,1,0,20.0,20.0,20.0,0.927,0.88,sealed_candidate_for_restricted_scenario_subset,"[""PP-0788c61dff5344a358fe50e3"",""PP-20f2a5007097e2bf5fc7ae11"",""PP-243ed4887685955b18266d03"",""PP-5e05edb688e23a1894282277"",""PP-65f62de924f0292373e9c2cb"",""PP-8b5fe8477f896ea91ef483b6"",""PP-a9c74274569fa414629474d0"",""PP-b838d544328b3dd91dac3f9a"",""PP-c495f29bc94dc81f1452221b"",""PP-c707be6083a3ea071942ec9c""]",candidate share is over simulator stress-test cells; delta and lambda are not selectable campaign properties
1cce3e5fe7c50070e58676c9,Cp2_vs_Cp3__strict_numeric_all,0262d70dda595cb6cda6,Cp2_vs_Cp3,strict_numeric_all,fl3_entitlement_capped,0.5,25,0,0.0,0,0,0,25,0,,,,0.0,0.0,no_sealed_candidate_under_tested_envelope,[],candidate share is over simulator stress-test cells; delta and lambda are not selectable campaign properties
1cce3e5fe7c50070e58676c9,Cp2_vs_Cp3__strict_numeric_all,0262d70dda595cb6cda6,Cp2_vs_Cp3,strict_numeric_all,fl3_entitlement_capped,0.8,25,0,0.0,0,0,0,25,0,,,,0.0,0.0,no_sealed_candidate_under_tested_envelope,[],candidate share is over simulator stress-test cells; delta and lambda are not selectable campaign properties
1cce3e5fe7c50070e58676c9,Cp2_vs_Cp3__strict_numeric_all,0262d70dda595cb6cda6,Cp2_vs_Cp3,strict_numeric_all,fl3_entitlement_capped,0.9,25,0,0.0,0,0,0,25,0,,,,0.0,0.0,no_sealed_candidate_under_tested_envelope,[],candidate share is over simulator stress-test cells; delta and lambda are not selectable campaign properties
1dbc920edffba9363b404b4e,Cp2_vs_Cp3__stability_plus_geometry,3e971f0bc08c8189f389,Cp2_vs_Cp3,stability_plus_geometry,fl3_entitled,0.5,25,0,0.0,0,0,0,25,0,,,,0.0,0.0,no_sealed_candidate_under_tested_envelope,[],candidate share is over simulator stress-test cells; delta and lambda are not selectable campaign properties
1dbc920edffba9363b404b4e,Cp2_vs_Cp3__stability_plus_geometry,3e971f0bc08c8189f389,Cp2_vs_Cp3,stability_plus_geometry,fl3_entitled,0.8,25,0,0.0,0,0,0,25,0,,,,0.0,0.0,no_sealed_candidate_under_tested_envelope,[],candidate share is over simulator stress-test cells; delta and lambda are not selectable campaign properties
1dbc920edffba9363b404b4e,Cp2_vs_Cp3__stability_plus_geometry,3e971f0bc08c8189f389,Cp2_vs_Cp3,stability_plus_geometry,fl3_entitled,0.9,25,0,0.0,0,0,0,25,0,,,,0.0,0.0,no_sealed_candidate_under_tested_envelope,[],candidate share is over simulator stress-test cells; delta and lambda are not selectable campaign properties
bfa569fbae807b7f50c3389f,C_vs_Cp2__stability_core_3,c683c10822cc59ae7587,C_vs_Cp2,stability_core_3,fl3_entitled,0.5,25,0,0.0,0,0,0,25,0,,,,0.0,0.0,no_sealed_candidate_under_tested_envelope,[],candidate share is over simulator stress-test cells; delta and lambda are not selectable campaign properties
bfa569fbae807b7f50c3389f,C_vs_Cp2__stability_core_3,c683c10822cc59ae7587,C_vs_Cp2,stability_core_3,fl3_entitled,0.8,25,0,0.0,0,0,0,25,0,,,,0.0,0.0,no_sealed_candidate_under_tested_envelope,[],candidate share is over simulator stress-test cells; delta and lambda are not selectable campaign properties
bfa569fbae807b7f50c3389f,C_vs_Cp2__stability_core_3,c683c10822cc59ae7587,C_vs_Cp2,stability_core_3,fl3_entitled,0.9,25,0,0.0,0,0,0,25,0,,,,0.0,0.0,no_sealed_candidate_under_tested_envelope,[],candidate share is over simulator stress-test cells; delta and lambda are not selectable campaign properties
d10b3aec4edc47fefb2bd92f,C_vs_Cp3__geometry_scores_only,8eb760d133ac749e3327,C_vs_Cp3,geometry_scores_only,fl3_entitlement_capped,0.5,25,0,0.0,0,0,0,25,0,,,,0.0,0.0,no_sealed_candidate_under_tested_envelope,[],candidate share is over simulator stress-test cells; delta and lambda are not selectable campaign properties
d10b3aec4edc47fefb2bd92f,C_vs_Cp3__geometry_scores_only,8eb760d133ac749e3327,C_vs_Cp3,geometry_scores_only,fl3_entitlement_capped,0.8,25,0,0.0,0,0,0,25,0,,,,0.0,0.0,no_sealed_candidate_under_tested_envelope,[],candidate share is over simulator stress-test cells; delta and lambda are not selectable campaign properties
d10b3aec4edc47fefb2bd92f,C_vs_Cp3__geometry_scores_only,8eb760d133ac749e3327,C_vs_Cp3,geometry_scores_only,fl3_entitlement_capped,0.9,25,0,0.0,0,0,0,25,0,,,,0.0,0.0,no_sealed_candidate_under_tested_envelope,[],candidate share is over simulator stress-test cells; delta and lambda are not selectable campaign properties
fe17c18b39eb86c6e9f982bd,C_vs_Cp3__path_shares_only,28ecf7e42b861405b6b3,C_vs_Cp3,path_shares_only,fl3_entitled,0.5,25,17,0.68,0,1,6,1,0,10.0,12.0,24.0,1.0,0.904,sealed_candidate_for_restricted_scenario_subset,"[""PP-074c3928f9efd72e03e7620c"",""PP-0d91eeaf807cce0633d79805"",""PP-0e91c8dc827c8cf662b093b2"",""PP-0fb76f7c71819e8a6d8e9e43"",""PP-17e94426e52412be12ccf91c"",""PP-1830de28dee2133642fed443"",""PP-19435a331c22b9fc81f57849"",""PP-2839fbfcdb146183f5f176be"",""PP-3a32cba2577d20eb727d1d07"",""PP-562fb0647a539929fdedfd5d"",""PP-59f9069becd2b22c9feb34b0"",""PP-6541f319c6d4136649eca24f"",""PP-778ec16ea273e1c19101f18e"",""PP-8e88953379b7f656e03b3e2d"",""PP-a7e84f0e3e8e6bff174b5c7b"",""PP-aa51c7a661e9d5cf92d9586c"",""PP-d48c2e20b1fa2bcc7a7594c5""]",candidate share is over simulator stress-test cells; delta and lambda are not selectable campaign properties
fe17c18b39eb86c6e9f982bd,C_vs_Cp3__path_shares_only,28ecf7e42b861405b6b3,C_vs_Cp3,path_shares_only,fl3_entitled,0.8,25,15,0.6,0,0,9,1,0,12.0,16.0,24.0,1.0,0.904,sealed_candidate_for_restricted_scenario_subset,"[""PP-00bce333414cbfe83bc3f9ad"",""PP-024121f98bc450d2e25ba9d6"",""PP-30e77937f5d98cbf066468d1"",""PP-3187de092b2abd6a4f549abc"",""PP-3bfa75868c99d9b0f094fdfe"",""PP-494d25769e8d04fb1477d3be"",""PP-51ad11c6532223eeeb48b967"",""PP-5422dd6554c8022315373597"",""PP-76f619572a498ed93df6b83f"",""PP-7d64609d78fe178970622989"",""PP-9320dca8146ee4392ff7ab4a"",""PP-9645807ea9dc10d7f9d03a8f"",""PP-a1130a67d6829c930c5f45c3"",""PP-b7b90eaa4eedaf62b627e1a0"",""PP-d44aa8d572647d71d144b952""]",candidate share is over simulator stress-test cells; delta and lambda are not selectable campaign properties
fe17c18b39eb86c6e9f982bd,C_vs_Cp3__path_shares_only,28ecf7e42b861405b6b3,C_vs_Cp3,path_shares_only,fl3_entitled,0.9,25,13,0.52,1,0,10,1,0,16.0,18.0,24.0,1.0,0.904,sealed_candidate_for_restricted_scenario_subset,"[""PP-06168a4d87e5221a412ffb37"",""PP-172e95950e7d352d3604e63d"",""PP-191bfe99a2e12e39a0f705e9"",""PP-5cb59b7e7f2647fb568235b5"",""PP-5fdc45479e32024632149256"",""PP-81c184de8512b43710c81a2b"",""PP-858a51cf48ac1f6fd9dd966b"",""PP-8bcbe697218caed40e33d3a4"",""PP-b5f6dbe47b5ebf564f1d3153"",""PP-c1171e363aa12bcabc09e264"",""PP-cb59b9bceb5556f194947e16"",""PP-d6be7739d133ac9e5f3a14e9"",""PP-f1c3566cea197eef9083f127""]",candidate share is over simulator stress-test cells; delta and lambda are not selectable campaign properties
