rule_order,condition_id,condition,decision,rationale,gate_modification_permitted,partition_pooling_permitted,claim_entitlement_increase_permitted
1,lineage_or_schema_invalid,"Any frozen OBS-085d manifest, hash, commit, schema, or row-count validation fails.",invalidate,Design synthesis cannot proceed from unverified evidence artifacts.,False,False,False
2,partition_boundary_breached,"Discovery and confirmation objects are pooled, migrated post hoc, or evaluated under a confirmation protocol opened after data access.",invalidate,Partition independence is a frozen requirement.,False,False,False
3,paired_robust_target_reached,"Both qualified simulators reach the target independently in both partitions at tested k, with no material nonmonotonicity.",seal_for_targeted_design_evaluation,The design is inside the tested envelope under conservative simulator and partition rules.,False,False,False
4,material_nonmonotonicity,The reliability target is reached but at least one frozen trajectory is materially nonmonotone.,hold_for_nonmonotonicity_review,A nominal-support recommendation is unstable across tested k.,False,False,False
5,partition_discordant_target_reach,Only one partition reaches the target robustly.,no_go_partition_discordance,Discovery performance cannot substitute for confirmation performance.,False,False,False
6,simulator_discordant_target_reach,Only one qualified simulator reaches the target in a partition.,no_go_simulator_discordance,The design is not robust across the qualified simulator family.,False,False,False
7,target_not_reached_by_max_tested_k,Robust passage is nonzero but the reliability target is not reached by the maximum tested k.,outside_tested_reliability_envelope_no_extrapolation,OBS-086a does not numerically extrapolate nominal support beyond the frozen tested grid.,False,False,False
8,empirically_never_passable,At least one required partition remains non-passing.,no_go_under_frozen_contract,Support expansion alone did not establish passage in the tested envelope.,False,False,False
9,future_effective_support_shortfall,A later observed campaign fails a pre-registered effective-support minimum before evidence evaluation.,apply_pre_registered_continue_or_futility_rule,"Replacement or continuation must not depend on observed effect direction, magnitude, or gate passage.",False,False,False
