artifact_label,artifact_path,artifact_sha256,rows_read,present_provenance_roles,resolved_columns,missing_provenance_roles,mean_present_field_completeness,provenance_status,artifact_hash_available,versioning_readiness,scope_guardrail
obs073_feature_table,outputs/comparisons/obs073_C_vs_Cp3_v5_smoke/obs073_feature_table.csv,fe032ff0b43aa8839c41d084a0b16b0c04ce6896020c172a4579a272c1d48d7e,30000,corpus_origin,corpus_origin:corpus,source_pointer|run_or_campaign|model|contract|record|observation,1.0,partial_schema_provenance,True,candidate_source_manifest_ready,schema-level provenance only; scientific lineage equivalence remains to be audited
obs073_feature_table__2,outputs/comparisons/obs073_Cp2_vs_Cp3_v5_smoke/obs073_feature_table.csv,3cc7e2566de631687c6e4890b835a495cfcb9b539f2366466d86a2b1351fc32f,30000,corpus_origin,corpus_origin:corpus,source_pointer|run_or_campaign|model|contract|record|observation,1.0,partial_schema_provenance,True,candidate_source_manifest_ready,schema-level provenance only; scientific lineage equivalence remains to be audited
obs073_feature_table__3,outputs/comparisons/obs073_Cp_vs_Cp3_v5_smoke/obs073_feature_table.csv,e12e456e5ed6dc5604fd208dc8ffa62ff5210404da3a3e422483e028d39e1400,30000,corpus_origin,corpus_origin:corpus,source_pointer|run_or_campaign|model|contract|record|observation,1.0,partial_schema_provenance,True,candidate_source_manifest_ready,schema-level provenance only; scientific lineage equivalence remains to be audited
obs074_feature_table,outputs/comparisons/obs074_Cp3_lexical_field_bridge_smoke/obs074_feature_table.csv,517d7f538b9561329413a8e836cc5f4853ea674e7f7dafca14a4a0cef39434b0,15000,corpus_origin,corpus_origin:corpus,source_pointer|run_or_campaign|model|contract|record|observation,1.0,partial_schema_provenance,True,candidate_source_manifest_ready,schema-level provenance only; scientific lineage equivalence remains to be audited
obs074_feature_table__2,outputs/comparisons/obs074_Cp3_lexical_field_bridge_smoke_v2/obs074_feature_table.csv,67fd828bf8cf92fad593c2e6797202668a9b436c130d34d2be7bf0f56038899a,15000,corpus_origin,corpus_origin:corpus,source_pointer|run_or_campaign|model|contract|record|observation,1.0,partial_schema_provenance,True,candidate_source_manifest_ready,schema-level provenance only; scientific lineage equivalence remains to be audited
obs074_feature_table__3,outputs/comparisons/obs074_lexical_field_bridge/C_Cp_Cp2_v3_smoke/obs074_feature_table.csv,60a16bc03706f55bb0002bb7f5ca30e24f32fc5aedf39542be7343868ea30b61,45000,corpus_origin,corpus_origin:corpus,source_pointer|run_or_campaign|model|contract|record|observation,1.0,partial_schema_provenance,True,candidate_source_manifest_ready,schema-level provenance only; scientific lineage equivalence remains to be audited
obs075d_feature_table,outputs/comparisons/obs075d_cp3_path_lexical_control_logreg/obs075d_feature_table.csv,6a018014407b5a97c77f2827711994e519ac45de502c53a460ef69388d71ff74,145000,corpus_origin,corpus_origin:corpus,source_pointer|run_or_campaign|model|contract|record|observation,1.0,partial_schema_provenance,True,candidate_source_manifest_ready,schema-level provenance only; scientific lineage equivalence remains to be audited
obs075d_feature_table__2,outputs/comparisons/obs075d_cp3_path_lexical_control_logreg_v2/obs075d_feature_table.csv,22ac50d4be70de86371e118447dfe6b58eb96a150d406ba05f4fd4eb2ef7e819,0,corpus_origin,corpus_origin:corpus,source_pointer|run_or_campaign|model|contract|record|observation,0.0,partial_schema_provenance,True,candidate_source_manifest_ready,schema-level provenance only; scientific lineage equivalence remains to be audited
obs076d_scale_feature_table,outputs/comparisons/obs076d_Cp2_vs_Cp3_scale_conditioned_factor_separability_shared14_mds_pilot_logreg/obs076d_scale_feature_table.csv,52d92eff5b16f65c6bcad3b7a08b00e72058fd5c6f3babb8f3821fb077b743b9,1200,observation,observation:id,source_pointer|run_or_campaign|model|corpus_origin|contract|record,1.0,artifact_hash_only_provenance,True,candidate_source_manifest_ready,schema-level provenance only; scientific lineage equivalence remains to be audited
obs076d_scale_feature_table__2,outputs/comparisons/obs076d_Cp2_vs_Cp3_scale_conditioned_factor_separability_shared14_mds_pilot_logreg_dynamic_only_v2/obs076d_scale_feature_table.csv,52d92eff5b16f65c6bcad3b7a08b00e72058fd5c6f3babb8f3821fb077b743b9,1200,observation,observation:id,source_pointer|run_or_campaign|model|corpus_origin|contract|record,1.0,artifact_hash_only_provenance,True,candidate_source_manifest_ready,schema-level provenance only; scientific lineage equivalence remains to be audited
obs078a_confusion_matrices,outputs/comparisons/obs078a_mechanistic_signature_classifier/obs078a_confusion_matrices.csv,b9a6ec1e37f207aaf742d7ed7a656e7c2967beb763470000bd12e4d8eb120d24,324,model,model:model,source_pointer|run_or_campaign|corpus_origin|contract|record|observation,1.0,partial_schema_provenance,True,candidate_source_manifest_ready,schema-level provenance only; scientific lineage equivalence remains to be audited
obs078a_feature_importance,outputs/comparisons/obs078a_mechanistic_signature_classifier/obs078a_feature_importance.csv,0ef971e86ab7932bfee891412ff7ae7de381db2158933898e5cec8e6ce0cd99d,1740,model,model:model,source_pointer|run_or_campaign|corpus_origin|contract|record|observation,1.0,partial_schema_provenance,True,candidate_source_manifest_ready,schema-level provenance only; scientific lineage equivalence remains to be audited
obs078a_feature_manifest,outputs/comparisons/obs078a_mechanistic_signature_classifier/obs078a_feature_manifest.csv,c7be240e12fe5ecbea72339764fba053e0f14a6697ee3771311c8d33d1e5f0cf,111,,,source_pointer|run_or_campaign|model|corpus_origin|contract|record|observation,0.0,artifact_hash_only_provenance,True,candidate_source_manifest_ready,schema-level provenance only; scientific lineage equivalence remains to be audited
obs078a_feature_table,outputs/comparisons/obs078a_mechanistic_signature_classifier/obs078a_feature_table.csv,8143f2e9797d7044897a71b5b391c9445a4e6740746d4d7a18e940d4999b7ca3,168,,,source_pointer|run_or_campaign|model|corpus_origin|contract|record|observation,0.0,artifact_hash_only_provenance,True,candidate_source_manifest_ready,schema-level provenance only; scientific lineage equivalence remains to be audited
obs078a_input_manifest,outputs/comparisons/obs078a_mechanistic_signature_classifier/obs078a_input_manifest.csv,5a2d4a04932d74bcaf25375782aa35b780d4fb319b49df46e601849c6702108b,18,,,source_pointer|run_or_campaign|model|corpus_origin|contract|record|observation,0.0,artifact_hash_only_provenance,True,candidate_source_manifest_ready,schema-level provenance only; scientific lineage equivalence remains to be audited
obs078a_panel_scores,outputs/comparisons/obs078a_mechanistic_signature_classifier/obs078a_panel_scores.csv,eded47e916d023df843fb2d13fca74cf8e7a5484d56518f51a3e3643fb3282bf,48,model,model:model,source_pointer|run_or_campaign|corpus_origin|contract|record|observation,1.0,partial_schema_provenance,True,candidate_source_manifest_ready,schema-level provenance only; scientific lineage equivalence remains to be audited
obs078a_permutation_scores,outputs/comparisons/obs078a_mechanistic_signature_classifier/obs078a_permutation_scores.csv,c97c71f6c9dce68fa0ffd795a285dd6f878686467b80d70b186c7ad4eaf3ca89,2400,model,model:model,source_pointer|run_or_campaign|corpus_origin|contract|record|observation,1.0,partial_schema_provenance,True,candidate_source_manifest_ready,schema-level provenance only; scientific lineage equivalence remains to be audited
obs078a_permutation_summary,outputs/comparisons/obs078a_mechanistic_signature_classifier/obs078a_permutation_summary.csv,24cc08271047fcc288398c3fc57359f6210c6ab60744c59349297406a0c2d659,24,model,model:model,source_pointer|run_or_campaign|corpus_origin|contract|record|observation,1.0,partial_schema_provenance,True,candidate_source_manifest_ready,schema-level provenance only; scientific lineage equivalence remains to be audited
obs078a_confusion_matrices__2,outputs/comparisons/obs078a_mechanistic_signature_classifier_v2/obs078a_confusion_matrices.csv,5c66147a04d73b91bfc68b7f505b26617424639bfa0ab9da810d9c409bb75636,648,model,model:model,source_pointer|run_or_campaign|corpus_origin|contract|record|observation,1.0,partial_schema_provenance,True,candidate_source_manifest_ready,schema-level provenance only; scientific lineage equivalence remains to be audited
obs078a_feature_importance__2,outputs/comparisons/obs078a_mechanistic_signature_classifier_v2/obs078a_feature_importance.csv,4222a52bce4b9252831a1b362be56170c659d6cfb1baee8fe7c0c7cc88a4deb0,2736,model,model:model,source_pointer|run_or_campaign|corpus_origin|contract|record|observation,1.0,partial_schema_provenance,True,candidate_source_manifest_ready,schema-level provenance only; scientific lineage equivalence remains to be audited
obs078a_feature_manifest__2,outputs/comparisons/obs078a_mechanistic_signature_classifier_v2/obs078a_feature_manifest.csv,94ebfffb360c3d4f65d4ca480e65275ba651fa1b31d8dedf550222f6c58d1fe4,112,,,source_pointer|run_or_campaign|model|corpus_origin|contract|record|observation,0.0,artifact_hash_only_provenance,True,candidate_source_manifest_ready,schema-level provenance only; scientific lineage equivalence remains to be audited
obs078a_feature_table__2,outputs/comparisons/obs078a_mechanistic_signature_classifier_v2/obs078a_feature_table.csv,936802c75f758ab3b798d6c669e1cbc04323c2f1f610b5f7f39ad71c5437b6ca,168,,,source_pointer|run_or_campaign|model|corpus_origin|contract|record|observation,0.0,artifact_hash_only_provenance,True,candidate_source_manifest_ready,schema-level provenance only; scientific lineage equivalence remains to be audited
obs078a_input_manifest__2,outputs/comparisons/obs078a_mechanistic_signature_classifier_v2/obs078a_input_manifest.csv,5a2d4a04932d74bcaf25375782aa35b780d4fb319b49df46e601849c6702108b,18,,,source_pointer|run_or_campaign|model|corpus_origin|contract|record|observation,0.0,artifact_hash_only_provenance,True,candidate_source_manifest_ready,schema-level provenance only; scientific lineage equivalence remains to be audited
obs078a_panel_scores__2,outputs/comparisons/obs078a_mechanistic_signature_classifier_v2/obs078a_panel_scores.csv,3e3dba5dc623512213b32c1b686246d0fde5a518c7b01afe590daef3ce9c0aaf,96,model,model:model,source_pointer|run_or_campaign|corpus_origin|contract|record|observation,1.0,partial_schema_provenance,True,candidate_source_manifest_ready,schema-level provenance only; scientific lineage equivalence remains to be audited
obs078a_permutation_scores__2,outputs/comparisons/obs078a_mechanistic_signature_classifier_v2/obs078a_permutation_scores.csv,d5c0159cadb5e226b6627a513a50ac18e635a33738f0aa1632949f270f8f2129,4800,model,model:model,source_pointer|run_or_campaign|corpus_origin|contract|record|observation,1.0,partial_schema_provenance,True,candidate_source_manifest_ready,schema-level provenance only; scientific lineage equivalence remains to be audited
obs078a_permutation_summary__2,outputs/comparisons/obs078a_mechanistic_signature_classifier_v2/obs078a_permutation_summary.csv,ff785b609938f8233f5cfda659b51eae08df54f74f3a87450fa39a743a48c038,48,model,model:model,source_pointer|run_or_campaign|corpus_origin|contract|record|observation,1.0,partial_schema_provenance,True,candidate_source_manifest_ready,schema-level provenance only; scientific lineage equivalence remains to be audited
obs078b_confusion_matrices,outputs/comparisons/obs078b_minimal_signature_ablation/obs078b_confusion_matrices.csv,822fbbe18152d5cd45c4a3f7a0633f968273f1df669d3b7b0034ea05f363dcc3,828,model,model:model,source_pointer|run_or_campaign|corpus_origin|contract|record|observation,1.0,partial_schema_provenance,True,candidate_source_manifest_ready,schema-level provenance only; scientific lineage equivalence remains to be audited
obs078b_feature_importance,outputs/comparisons/obs078b_minimal_signature_ablation/obs078b_feature_importance.csv,649813718aec9c718a0f330b483b6daeeee459664975de9035f4dcfce61e5de0,1940,model,model:model,source_pointer|run_or_campaign|corpus_origin|contract|record|observation,1.0,partial_schema_provenance,True,candidate_source_manifest_ready,schema-level provenance only; scientific lineage equivalence remains to be audited
obs078b_feature_sets,outputs/comparisons/obs078b_minimal_signature_ablation/obs078b_feature_sets.csv,bb189014e263dd1bcf2198ea376dec875c7bad63e0a1a840eebb7a07de8e215a,388,,,source_pointer|run_or_campaign|model|corpus_origin|contract|record|observation,0.0,artifact_hash_only_provenance,True,candidate_source_manifest_ready,schema-level provenance only; scientific lineage equivalence remains to be audited
obs078b_input_manifest,outputs/comparisons/obs078b_minimal_signature_ablation/obs078b_input_manifest.csv,7c9667171cf37cfeced9f47cccab2a28f3fa75cf7c62eb61f8fd6790818ed135,2,,,source_pointer|run_or_campaign|model|corpus_origin|contract|record|observation,0.0,artifact_hash_only_provenance,True,candidate_source_manifest_ready,schema-level provenance only; scientific lineage equivalence remains to be audited
obs078b_panel_scores,outputs/comparisons/obs078b_minimal_signature_ablation/obs078b_panel_scores.csv,5b113cabfbdcd839157f617790fc0f40253eb845032bc3686e4d2c9176bca9aa,92,model,model:model,source_pointer|run_or_campaign|corpus_origin|contract|record|observation,1.0,partial_schema_provenance,True,candidate_source_manifest_ready,schema-level provenance only; scientific lineage equivalence remains to be audited
obs078b_permutation_scores,outputs/comparisons/obs078b_minimal_signature_ablation/obs078b_permutation_scores.csv,4c02600e10045ab91dda9546a99d71c0bb5f2106f1c5b482d533f58ba24dd3ee,6900,model,model:model,source_pointer|run_or_campaign|corpus_origin|contract|record|observation,1.0,partial_schema_provenance,True,candidate_source_manifest_ready,schema-level provenance only; scientific lineage equivalence remains to be audited
obs078b_permutation_summary,outputs/comparisons/obs078b_minimal_signature_ablation/obs078b_permutation_summary.csv,27a591ec10522599e177bc1c47dc46601d7569c2f91c6217429cf85e5536ad19,69,model,model:model,source_pointer|run_or_campaign|corpus_origin|contract|record|observation,1.0,partial_schema_provenance,True,candidate_source_manifest_ready,schema-level provenance only; scientific lineage equivalence remains to be audited
obs078c_case_cohort_matrix,outputs/comparisons/obs078c_stability_signature_localization/obs078c_case_cohort_matrix.csv,7a2bc8b895928ddf7b02ca94cc4c6c7637a30f36e17003b712e14d60d43f6b9d,6,,,source_pointer|run_or_campaign|model|corpus_origin|contract|record|observation,0.0,artifact_hash_only_provenance,True,candidate_source_manifest_ready,schema-level provenance only; scientific lineage equivalence remains to be audited
obs078c_case_object_matrix,outputs/comparisons/obs078c_stability_signature_localization/obs078c_case_object_matrix.csv,7440d65388597c770c79eca424b23d7af79d06f6f81bf53618c856ce6e382c6b,8,,,source_pointer|run_or_campaign|model|corpus_origin|contract|record|observation,0.0,artifact_hash_only_provenance,True,candidate_source_manifest_ready,schema-level provenance only; scientific lineage equivalence remains to be audited
obs078c_feature_zscores,outputs/comparisons/obs078c_stability_signature_localization/obs078c_feature_zscores.csv,22622fb90b081826b4ab028203ae6ac35e1efa0dc665b3d003639cb19f4e1bef,168,,,source_pointer|run_or_campaign|model|corpus_origin|contract|record|observation,0.0,artifact_hash_only_provenance,True,candidate_source_manifest_ready,schema-level provenance only; scientific lineage equivalence remains to be audited
obs078c_input_manifest,outputs/comparisons/obs078c_stability_signature_localization/obs078c_input_manifest.csv,ab36e9b80dc6543e70c106a88a2a16587a4689f182c7bc43cc0f016d21cc94c6,1,,,source_pointer|run_or_campaign|model|corpus_origin|contract|record|observation,0.0,artifact_hash_only_provenance,True,candidate_source_manifest_ready,schema-level provenance only; scientific lineage equivalence remains to be audited
obs078c_pairwise_case_contrasts,outputs/comparisons/obs078c_stability_signature_localization/obs078c_pairwise_case_contrasts.csv,c3bc90ad37dc0763b33417a6d340cb810756a78d685403d239851e388606b1fa,143,,,source_pointer|run_or_campaign|model|corpus_origin|contract|record|observation,0.0,artifact_hash_only_provenance,True,candidate_source_manifest_ready,schema-level provenance only; scientific lineage equivalence remains to be audited
obs078c_signature_by_case,outputs/comparisons/obs078c_stability_signature_localization/obs078c_signature_by_case.csv,8d40cfe897a0fd3683f70e03b2c3beed8d1840d418e8f0cbbdebd0d2ca2748ea,3,,,source_pointer|run_or_campaign|model|corpus_origin|contract|record|observation,0.0,artifact_hash_only_provenance,True,candidate_source_manifest_ready,schema-level provenance only; scientific lineage equivalence remains to be audited
obs078c_signature_by_cohort,outputs/comparisons/obs078c_stability_signature_localization/obs078c_signature_by_cohort.csv,745c5c0df68b9da1167ebb235fe8b6e9406d083783e6b1060b9ea69ceca6adcd,18,,,source_pointer|run_or_campaign|model|corpus_origin|contract|record|observation,0.0,artifact_hash_only_provenance,True,candidate_source_manifest_ready,schema-level provenance only; scientific lineage equivalence remains to be audited
obs078c_signature_by_object,outputs/comparisons/obs078c_stability_signature_localization/obs078c_signature_by_object.csv,0298cb5700e5785a2edf47d477b9e961dbaaabd3d79135908769c7820cb25c04,21,,,source_pointer|run_or_campaign|model|corpus_origin|contract|record|observation,0.0,artifact_hash_only_provenance,True,candidate_source_manifest_ready,schema-level provenance only; scientific lineage equivalence remains to be audited
obs078c_signature_by_object_cohort,outputs/comparisons/obs078c_stability_signature_localization/obs078c_signature_by_object_cohort.csv,5f2c74de7f9404accb02dbee19bb3a16f8210d0f9caec8f35860546e031b134d,115,,,source_pointer|run_or_campaign|model|corpus_origin|contract|record|observation,0.0,artifact_hash_only_provenance,True,candidate_source_manifest_ready,schema-level provenance only; scientific lineage equivalence remains to be audited
obs078c_signature_by_object_transition,outputs/comparisons/obs078c_stability_signature_localization/obs078c_signature_by_object_transition.csv,7d1f628b511e09a41b0e378879c6946ae464863274142cfa9e6fd117c3383d39,30,,,source_pointer|run_or_campaign|model|corpus_origin|contract|record|observation,0.0,artifact_hash_only_provenance,True,candidate_source_manifest_ready,schema-level provenance only; scientific lineage equivalence remains to be audited
obs078c_signature_by_transition,outputs/comparisons/obs078c_stability_signature_localization/obs078c_signature_by_transition.csv,8699853bdf966df4188d9253a6432da920c3b4ba4a10a9c97927cb2acc24ce56,14,,,source_pointer|run_or_campaign|model|corpus_origin|contract|record|observation,0.0,artifact_hash_only_provenance,True,candidate_source_manifest_ready,schema-level provenance only; scientific lineage equivalence remains to be audited
obs078c_top_separating_groups,outputs/comparisons/obs078c_stability_signature_localization/obs078c_top_separating_groups.csv,af364182ea18e60c0607064f74f5003c95f688fb350f0b21274fa14af6eb089b,149,,,source_pointer|run_or_campaign|model|corpus_origin|contract|record|observation,0.0,artifact_hash_only_provenance,True,candidate_source_manifest_ready,schema-level provenance only; scientific lineage equivalence remains to be audited
obs078c_zscore_stats,outputs/comparisons/obs078c_stability_signature_localization/obs078c_zscore_stats.csv,7aef0662f19bae473abd5e472d9f003a8ca48fb6224342bdd7cc6f7e415a8278,3,,,source_pointer|run_or_campaign|model|corpus_origin|contract|record|observation,0.0,artifact_hash_only_provenance,True,candidate_source_manifest_ready,schema-level provenance only; scientific lineage equivalence remains to be audited
obs079a_confusion_matrices,outputs/comparisons/obs079a_stability_signature_leave_structure_out/obs079a_confusion_matrices.csv,3e9f2fee0d26a81a80a0e8c41993f9ebfab023c1f1355dc1003e88814f071006,2020,model,model:model,source_pointer|run_or_campaign|corpus_origin|contract|record|observation,1.0,partial_schema_provenance,True,candidate_source_manifest_ready,schema-level provenance only; scientific lineage equivalence remains to be audited
obs079a_feature_manifest,outputs/comparisons/obs079a_stability_signature_leave_structure_out/obs079a_feature_manifest.csv,ca6e0e13cfa432018f7c226045f44aecca230aa1e3a74a418b9d3f1f2f4cdfc7,3,,,source_pointer|run_or_campaign|model|corpus_origin|contract|record|observation,0.0,artifact_hash_only_provenance,True,candidate_source_manifest_ready,schema-level provenance only; scientific lineage equivalence remains to be audited
obs079a_input_manifest,outputs/comparisons/obs079a_stability_signature_leave_structure_out/obs079a_input_manifest.csv,f7ad1fd8f43e05a811cacabc793f1ea901a4b21627852ae44add580ab9027676,1,,,source_pointer|run_or_campaign|model|corpus_origin|contract|record|observation,0.0,artifact_hash_only_provenance,True,candidate_source_manifest_ready,schema-level provenance only; scientific lineage equivalence remains to be audited
obs079a_leave_structure_failures,outputs/comparisons/obs079a_stability_signature_leave_structure_out/obs079a_leave_structure_failures.csv,01ba4719c80b6fe911b091a7c05124b64eeece964e09c058ef8f9805daca546b,0,,,source_pointer|run_or_campaign|model|corpus_origin|contract|record|observation,0.0,artifact_hash_only_provenance,True,candidate_source_manifest_ready,schema-level provenance only; scientific lineage equivalence remains to be audited
obs079a_leave_structure_predictions,outputs/comparisons/obs079a_stability_signature_leave_structure_out/obs079a_leave_structure_predictions.csv,23b151b794a6d50aff9a5febe68c9478a52644974f959db62236d34bac283672,4032,model|observation,model:model|observation:row_id,source_pointer|run_or_campaign|corpus_origin|contract|record,1.0,partial_schema_provenance,True,candidate_source_manifest_ready,schema-level provenance only; scientific lineage equivalence remains to be audited
obs079a_leave_structure_scores,outputs/comparisons/obs079a_stability_signature_leave_structure_out/obs079a_leave_structure_scores.csv,9f0bde7f67bc1b075d7b20d2e3ff419879562040402bf038a6dba0448100a419,356,model,model:model,source_pointer|run_or_campaign|corpus_origin|contract|record|observation,1.0,partial_schema_provenance,True,candidate_source_manifest_ready,schema-level provenance only; scientific lineage equivalence remains to be audited
obs079a_scheme_summary,outputs/comparisons/obs079a_stability_signature_leave_structure_out/obs079a_scheme_summary.csv,ff7df4d29e21a07e5efe45ef9e12c6aa4e76b2f68bc66f612407cd919f091b87,44,model,model:model,source_pointer|run_or_campaign|corpus_origin|contract|record|observation,1.0,partial_schema_provenance,True,candidate_source_manifest_ready,schema-level provenance only; scientific lineage equivalence remains to be audited
obs079a_validation_groups,outputs/comparisons/obs079a_stability_signature_leave_structure_out/obs079a_validation_groups.csv,66ef0f1e3ce347e67a3e79dc3c1dd4b31c3747b6a5b9d2b2497321a374d971ee,89,,,source_pointer|run_or_campaign|model|corpus_origin|contract|record|observation,0.0,artifact_hash_only_provenance,True,candidate_source_manifest_ready,schema-level provenance only; scientific lineage equivalence remains to be audited
obs079b_bootstrap_ci_by_case,outputs/comparisons/obs079b_stability_signature_bootstrap_ci/obs079b_bootstrap_ci_by_case.csv,e62def6a7817e9c40c396975b1bcb578aec2fc0526e2eb0a3c489bfb11d35369,30,,,source_pointer|run_or_campaign|model|corpus_origin|contract|record|observation,0.0,artifact_hash_only_provenance,True,candidate_source_manifest_ready,schema-level provenance only; scientific lineage equivalence remains to be audited
obs079b_bootstrap_ci_by_cohort,outputs/comparisons/obs079b_stability_signature_bootstrap_ci/obs079b_bootstrap_ci_by_cohort.csv,3f08eab4701abd885b9e8d4a701a349a3f9e5672cad573b15a8fda36a56bf182,180,,,source_pointer|run_or_campaign|model|corpus_origin|contract|record|observation,0.0,artifact_hash_only_provenance,True,candidate_source_manifest_ready,schema-level provenance only; scientific lineage equivalence remains to be audited
obs079b_bootstrap_ci_by_object,outputs/comparisons/obs079b_stability_signature_bootstrap_ci/obs079b_bootstrap_ci_by_object.csv,f6f21941b1b7ff0b0ac198c0760a9c0427838df772e546f46cddb7c80d038a98,210,,,source_pointer|run_or_campaign|model|corpus_origin|contract|record|observation,0.0,artifact_hash_only_provenance,True,candidate_source_manifest_ready,schema-level provenance only; scientific lineage equivalence remains to be audited
obs079b_bootstrap_ci_by_object_cohort,outputs/comparisons/obs079b_stability_signature_bootstrap_ci/obs079b_bootstrap_ci_by_object_cohort.csv,32bfef5ca1083cf1f825e041af9ca9e8c0ca10132891d5c1908280798d0e33dc,1150,,,source_pointer|run_or_campaign|model|corpus_origin|contract|record|observation,0.0,artifact_hash_only_provenance,True,candidate_source_manifest_ready,schema-level provenance only; scientific lineage equivalence remains to be audited
obs079b_bootstrap_ci_by_transition,outputs/comparisons/obs079b_stability_signature_bootstrap_ci/obs079b_bootstrap_ci_by_transition.csv,68de76e843627683608928c3f2a649655688c9dd24906cebcc9ab31a6bb569ee,140,,,source_pointer|run_or_campaign|model|corpus_origin|contract|record|observation,0.0,artifact_hash_only_provenance,True,candidate_source_manifest_ready,schema-level provenance only; scientific lineage equivalence remains to be audited
obs079b_bootstrap_pairwise_case_contrasts,outputs/comparisons/obs079b_stability_signature_bootstrap_ci/obs079b_bootstrap_pairwise_case_contrasts.csv,059cbb38bd01fba96fdeade81143cb37d0009d2be264da821b2108bf014268cc,30,,,source_pointer|run_or_campaign|model|corpus_origin|contract|record|observation,0.0,artifact_hash_only_provenance,True,candidate_source_manifest_ready,schema-level provenance only; scientific lineage equivalence remains to be audited
obs079b_bootstrap_pairwise_case_contrasts_by_cohort,outputs/comparisons/obs079b_stability_signature_bootstrap_ci/obs079b_bootstrap_pairwise_case_contrasts_by_cohort.csv,2181a31ac257e7626db97a8dc9bae4b702405ce24d4bfe84bec73c260fed6ddb,180,,,source_pointer|run_or_campaign|model|corpus_origin|contract|record|observation,0.0,artifact_hash_only_provenance,True,candidate_source_manifest_ready,schema-level provenance only; scientific lineage equivalence remains to be audited
obs079b_bootstrap_pairwise_case_contrasts_by_object,outputs/comparisons/obs079b_stability_signature_bootstrap_ci/obs079b_bootstrap_pairwise_case_contrasts_by_object.csv,2f2dbd926c505557a681a5997f30cced0c2ff89eba5d856a4abdcf73ef465196,180,,,source_pointer|run_or_campaign|model|corpus_origin|contract|record|observation,0.0,artifact_hash_only_provenance,True,candidate_source_manifest_ready,schema-level provenance only; scientific lineage equivalence remains to be audited
obs079b_bootstrap_pairwise_case_contrasts_by_transition,outputs/comparisons/obs079b_stability_signature_bootstrap_ci/obs079b_bootstrap_pairwise_case_contrasts_by_transition.csv,25df92291cda1d2fd62fd5c881d728bada81cda54fc519199982873f6509871b,130,,,source_pointer|run_or_campaign|model|corpus_origin|contract|record|observation,0.0,artifact_hash_only_provenance,True,candidate_source_manifest_ready,schema-level provenance only; scientific lineage equivalence remains to be audited
obs079b_feature_zscores,outputs/comparisons/obs079b_stability_signature_bootstrap_ci/obs079b_feature_zscores.csv,22622fb90b081826b4ab028203ae6ac35e1efa0dc665b3d003639cb19f4e1bef,168,,,source_pointer|run_or_campaign|model|corpus_origin|contract|record|observation,0.0,artifact_hash_only_provenance,True,candidate_source_manifest_ready,schema-level provenance only; scientific lineage equivalence remains to be audited
obs079b_group_inventory,outputs/comparisons/obs079b_stability_signature_bootstrap_ci/obs079b_group_inventory.csv,b6671a27c36492f563961f0b975ad1eb00a2ba161869fb75cbabe4fb10a6c8c5,171,,,source_pointer|run_or_campaign|model|corpus_origin|contract|record|observation,0.0,artifact_hash_only_provenance,True,candidate_source_manifest_ready,schema-level provenance only; scientific lineage equivalence remains to be audited
obs079b_input_manifest,outputs/comparisons/obs079b_stability_signature_bootstrap_ci/obs079b_input_manifest.csv,ab36e9b80dc6543e70c106a88a2a16587a4689f182c7bc43cc0f016d21cc94c6,1,,,source_pointer|run_or_campaign|model|corpus_origin|contract|record|observation,0.0,artifact_hash_only_provenance,True,candidate_source_manifest_ready,schema-level provenance only; scientific lineage equivalence remains to be audited
obs079b_zscore_stats,outputs/comparisons/obs079b_stability_signature_bootstrap_ci/obs079b_zscore_stats.csv,7aef0662f19bae473abd5e472d9f003a8ca48fb6224342bdd7cc6f7e415a8278,3,,,source_pointer|run_or_campaign|model|corpus_origin|contract|record|observation,0.0,artifact_hash_only_provenance,True,candidate_source_manifest_ready,schema-level provenance only; scientific lineage equivalence remains to be audited
obs079c_confusion_matrices,outputs/comparisons/obs079c_pairwise_stability_classifiers/obs079c_confusion_matrices.csv,e47b36ff1b7a4a91a706e491bc989aa9524419c740dfdf4f90775dcec63edeca,6048,model,model:model,source_pointer|run_or_campaign|corpus_origin|contract|record|observation,1.0,partial_schema_provenance,True,candidate_source_manifest_ready,schema-level provenance only; scientific lineage equivalence remains to be audited
obs079c_failures,outputs/comparisons/obs079c_pairwise_stability_classifiers/obs079c_failures.csv,01ba4719c80b6fe911b091a7c05124b64eeece964e09c058ef8f9805daca546b,0,,,source_pointer|run_or_campaign|model|corpus_origin|contract|record|observation,0.0,artifact_hash_only_provenance,True,candidate_source_manifest_ready,schema-level provenance only; scientific lineage equivalence remains to be audited
obs079c_feature_importance,outputs/comparisons/obs079c_pairwise_stability_classifiers/obs079c_feature_importance.csv,ad985a0511aa5353926c9eda5f956bb828dbcb50c5ead46aa77c08c116a7d51f,2160,model,model:model,source_pointer|run_or_campaign|corpus_origin|contract|record|observation,1.0,partial_schema_provenance,True,candidate_source_manifest_ready,schema-level provenance only; scientific lineage equivalence remains to be audited
obs079c_feature_panels,outputs/comparisons/obs079c_pairwise_stability_classifiers/obs079c_feature_panels.csv,963583608c8dde71450708117a82c25e82df83e24080117bebed9650683d4eed,12,,,source_pointer|run_or_campaign|model|corpus_origin|contract|record|observation,0.0,artifact_hash_only_provenance,True,candidate_source_manifest_ready,schema-level provenance only; scientific lineage equivalence remains to be audited
obs079c_input_manifest,outputs/comparisons/obs079c_pairwise_stability_classifiers/obs079c_input_manifest.csv,3b160b0b39abe1f9e69c81661b22aa0c74715040d13f6dc2d00ae77d0967aa69,1,,,source_pointer|run_or_campaign|model|corpus_origin|contract|record|observation,0.0,artifact_hash_only_provenance,True,candidate_source_manifest_ready,schema-level provenance only; scientific lineage equivalence remains to be audited
obs079c_pairwise_axis_summary,outputs/comparisons/obs079c_pairwise_stability_classifiers/obs079c_pairwise_axis_summary.csv,40dff5c5385f9b1e864b332abec73310b6f447d92e12a70e604a12d8a84a4d2f,12,,,source_pointer|run_or_campaign|model|corpus_origin|contract|record|observation,0.0,artifact_hash_only_provenance,True,candidate_source_manifest_ready,schema-level provenance only; scientific lineage equivalence remains to be audited
obs079c_pairwise_permutation_scores,outputs/comparisons/obs079c_pairwise_stability_classifiers/obs079c_pairwise_permutation_scores.csv,63604f5965926c06476ebf0c0fab09da79d684c964973d852f41c6eb6f762c31,12600,model,model:model,source_pointer|run_or_campaign|corpus_origin|contract|record|observation,1.0,partial_schema_provenance,True,candidate_source_manifest_ready,schema-level provenance only; scientific lineage equivalence remains to be audited
obs079c_pairwise_permutation_summary,outputs/comparisons/obs079c_pairwise_stability_classifiers/obs079c_pairwise_permutation_summary.csv,9687e2e8a9ce3fe53097942a965a89a595cd46f617707f298004b094ccddf3bd,63,model,model:model,source_pointer|run_or_campaign|corpus_origin|contract|record|observation,1.0,partial_schema_provenance,True,candidate_source_manifest_ready,schema-level provenance only; scientific lineage equivalence remains to be audited
obs079c_pairwise_predictions,outputs/comparisons/obs079c_pairwise_stability_classifiers/obs079c_pairwise_predictions.csv,9956be0583256642827694e9694a8ba1f1c97616fc2cc6d132505be90ad823fc,37632,model|observation,model:model|observation:row_id,source_pointer|run_or_campaign|corpus_origin|contract|record,1.0,partial_schema_provenance,True,candidate_source_manifest_ready,schema-level provenance only; scientific lineage equivalence remains to be audited
obs079c_pairwise_scheme_summary,outputs/comparisons/obs079c_pairwise_stability_classifiers/obs079c_pairwise_scheme_summary.csv,2209711ede100fd9d1a071ec355cac9c60da9eaf043f6b70d0e1a30bf582526f,672,model,model:model,source_pointer|run_or_campaign|corpus_origin|contract|record|observation,1.0,partial_schema_provenance,True,candidate_source_manifest_ready,schema-level provenance only; scientific lineage equivalence remains to be audited
obs079c_pairwise_scores,outputs/comparisons/obs079c_pairwise_stability_classifiers/obs079c_pairwise_scores.csv,a181d5826cc667f4dee4867c41523a03fbd99651130d13812cacf0b431d2fef6,1680,model,model:model,source_pointer|run_or_campaign|corpus_origin|contract|record|observation,1.0,partial_schema_provenance,True,candidate_source_manifest_ready,schema-level provenance only; scientific lineage equivalence remains to be audited
obs079c_validation_groups,outputs/comparisons/obs079c_pairwise_stability_classifiers/obs079c_validation_groups.csv,7c34755669f56ad25ac507d34805e4957729c10ba8012ee0d25d4a5086d59769,60,,,source_pointer|run_or_campaign|model|corpus_origin|contract|record|observation,0.0,artifact_hash_only_provenance,True,candidate_source_manifest_ready,schema-level provenance only; scientific lineage equivalence remains to be audited
obs080a_confusion_matrices,outputs/comparisons/obs080a_stability_core_transform_sensitivity/obs080a_confusion_matrices.csv,2ca964e4464d5f75607cb81857f825e9b7b202897d76b8a500647053b9068ecb,11760,model|contract,model:model|contract:transform,source_pointer|run_or_campaign|corpus_origin|record|observation,1.0,partial_schema_provenance,True,candidate_source_manifest_ready,schema-level provenance only; scientific lineage equivalence remains to be audited
obs080a_failures,outputs/comparisons/obs080a_stability_core_transform_sensitivity/obs080a_failures.csv,01ba4719c80b6fe911b091a7c05124b64eeece964e09c058ef8f9805daca546b,0,,,source_pointer|run_or_campaign|model|corpus_origin|contract|record|observation,0.0,artifact_hash_only_provenance,True,candidate_source_manifest_ready,schema-level provenance only; scientific lineage equivalence remains to be audited
obs080a_input_manifest,outputs/comparisons/obs080a_stability_core_transform_sensitivity/obs080a_input_manifest.csv,3b160b0b39abe1f9e69c81661b22aa0c74715040d13f6dc2d00ae77d0967aa69,1,,,source_pointer|run_or_campaign|model|corpus_origin|contract|record|observation,0.0,artifact_hash_only_provenance,True,candidate_source_manifest_ready,schema-level provenance only; scientific lineage equivalence remains to be audited
obs080a_pairwise_transform_summary,outputs/comparisons/obs080a_stability_core_transform_sensitivity/obs080a_pairwise_transform_summary.csv,e72c5027ba65f496e3c471c4d78e0c54fef5f30c19036abd0a22a22d2310c2a8,21,contract,contract:transform,source_pointer|run_or_campaign|model|corpus_origin|record|observation,1.0,artifact_hash_only_provenance,True,candidate_source_manifest_ready,schema-level provenance only; scientific lineage equivalence remains to be audited
obs080a_permutation_scores,outputs/comparisons/obs080a_stability_core_transform_sensitivity/obs080a_permutation_scores.csv,e12048b533983c4945b878e15c3ec64025cfd7fe6edb90bf6cb5c8e61c713da2,16800,model|contract,model:model|contract:transform,source_pointer|run_or_campaign|corpus_origin|record|observation,1.0,partial_schema_provenance,True,candidate_source_manifest_ready,schema-level provenance only; scientific lineage equivalence remains to be audited
obs080a_permutation_summary,outputs/comparisons/obs080a_stability_core_transform_sensitivity/obs080a_permutation_summary.csv,a5fafb15d4e6a4894308a98fd6f843e62b8081847aca414ae8ed2b8caf105399,84,model|contract,model:model|contract:transform,source_pointer|run_or_campaign|corpus_origin|record|observation,1.0,partial_schema_provenance,True,candidate_source_manifest_ready,schema-level provenance only; scientific lineage equivalence remains to be audited
obs080a_transform_manifest,outputs/comparisons/obs080a_stability_core_transform_sensitivity/obs080a_transform_manifest.csv,a0774e10578029f699aa937332382b954eb7a0890023acbb6a31eb3846461732,21,contract,contract:transform,source_pointer|run_or_campaign|model|corpus_origin|record|observation,1.0,artifact_hash_only_provenance,True,candidate_source_manifest_ready,schema-level provenance only; scientific lineage equivalence remains to be audited
obs080a_transform_predictions,outputs/comparisons/obs080a_stability_core_transform_sensitivity/obs080a_transform_predictions.csv,b3706215227eeb5b2d000ebeace34ece2a902d46c6ba1fc1841ba3b1986174ad,56448,model|contract|observation,model:model|contract:transform|observation:row_id,source_pointer|run_or_campaign|corpus_origin|record,1.0,partial_schema_provenance,True,candidate_source_manifest_ready,schema-level provenance only; scientific lineage equivalence remains to be audited
obs080a_transform_scheme_summary,outputs/comparisons/obs080a_stability_core_transform_sensitivity/obs080a_transform_scheme_summary.csv,c0bac33a8d6721efdd1bfbacdff0ff78971b70d50c49a29def3950fccfc9e0e6,896,model|contract,model:model|contract:transform,source_pointer|run_or_campaign|corpus_origin|record|observation,1.0,partial_schema_provenance,True,candidate_source_manifest_ready,schema-level provenance only; scientific lineage equivalence remains to be audited
obs080a_transform_scores,outputs/comparisons/obs080a_stability_core_transform_sensitivity/obs080a_transform_scores.csv,9055ff725c8bbc76e8f9afd444210c66a58a3782fb42b4dc8640d230a0ccd389,2240,model|contract,model:model|contract:transform,source_pointer|run_or_campaign|corpus_origin|record|observation,1.0,partial_schema_provenance,True,candidate_source_manifest_ready,schema-level provenance only; scientific lineage equivalence remains to be audited
obs080a_transform_stability_matrix,outputs/comparisons/obs080a_stability_core_transform_sensitivity/obs080a_transform_stability_matrix.csv,1d3ad69d1c6c8c231c73ffce8cb295829d416cabea59fe222166f3c47b9d6a52,28,contract,contract:transform,source_pointer|run_or_campaign|model|corpus_origin|record|observation,1.0,artifact_hash_only_provenance,True,candidate_source_manifest_ready,schema-level provenance only; scientific lineage equivalence remains to be audited
obs080a_transformed_feature_table,outputs/comparisons/obs080a_stability_core_transform_sensitivity/obs080a_transformed_feature_table.csv,ce27053f82d2a76f63e2a6ab4e859cc0234249cc9ed389e5650ef35a91c07b41,168,observation,observation:row_id,source_pointer|run_or_campaign|model|corpus_origin|contract|record,1.0,artifact_hash_only_provenance,True,candidate_source_manifest_ready,schema-level provenance only; scientific lineage equivalence remains to be audited
obs080a_validation_groups,outputs/comparisons/obs080a_stability_core_transform_sensitivity/obs080a_validation_groups.csv,d684ba98f09f06c2f7eb939b31159b64d230020b0eb70e716bc507397a144452,80,,,source_pointer|run_or_campaign|model|corpus_origin|contract|record|observation,0.0,artifact_hash_only_provenance,True,candidate_source_manifest_ready,schema-level provenance only; scientific lineage equivalence remains to be audited
obs080b_confusion_matrices,outputs/comparisons/obs080b_stability_core_scale_band_sensitivity/obs080b_confusion_matrices.csv,09e8554aa1618b6861b15442c110c8ff4e812f8cce7c8d66923b75f3bf960cac,12260,model,model:model,source_pointer|run_or_campaign|corpus_origin|contract|record|observation,1.0,partial_schema_provenance,True,candidate_source_manifest_ready,schema-level provenance only; scientific lineage equivalence remains to be audited
obs080b_failures,outputs/comparisons/obs080b_stability_core_scale_band_sensitivity/obs080b_failures.csv,45debb86d574b5574ddb2993a0edb6b230507cbbd9bb69ce546fb5627cf7c9b7,112,model,model:model,source_pointer|run_or_campaign|corpus_origin|contract|record|observation,1.0,partial_schema_provenance,True,candidate_source_manifest_ready,schema-level provenance only; scientific lineage equivalence remains to be audited
obs080b_input_manifest,outputs/comparisons/obs080b_stability_core_scale_band_sensitivity/obs080b_input_manifest.csv,99a91efcfe5fbbd80a91ff54d3dd3dd3f79016fd06d1b8f488b5a0b35f59a93f,1,,,source_pointer|run_or_campaign|model|corpus_origin|contract|record|observation,0.0,artifact_hash_only_provenance,True,candidate_source_manifest_ready,schema-level provenance only; scientific lineage equivalence remains to be audited
obs080b_pairwise_scale_band_summary,outputs/comparisons/obs080b_stability_core_scale_band_sensitivity/obs080b_pairwise_scale_band_summary.csv,e3e1bf0107d4c769ad83ed945fdec671939f77c512a95485ccc59f4998a18d96,27,,,source_pointer|run_or_campaign|model|corpus_origin|contract|record|observation,0.0,artifact_hash_only_provenance,True,candidate_source_manifest_ready,schema-level provenance only; scientific lineage equivalence remains to be audited
obs080b_permutation_scores,outputs/comparisons/obs080b_stability_core_scale_band_sensitivity/obs080b_permutation_scores.csv,ab746770f6c7e8e5a3846b4551ec2847cb52c4994957c24294873e0b4da24b3f,21600,model,model:model,source_pointer|run_or_campaign|corpus_origin|contract|record|observation,1.0,partial_schema_provenance,True,candidate_source_manifest_ready,schema-level provenance only; scientific lineage equivalence remains to be audited
obs080b_permutation_summary,outputs/comparisons/obs080b_stability_core_scale_band_sensitivity/obs080b_permutation_summary.csv,08821269435c5c40eab621cbb63720563919c29062eb0914acea0b2237bdf9d3,108,model,model:model,source_pointer|run_or_campaign|corpus_origin|contract|record|observation,1.0,partial_schema_provenance,True,candidate_source_manifest_ready,schema-level provenance only; scientific lineage equivalence remains to be audited
obs080b_scale_band_manifest,outputs/comparisons/obs080b_stability_core_scale_band_sensitivity/obs080b_scale_band_manifest.csv,e725acf1b413ac44faff3eba57b62e65de2525fe4eb244fad135fed2557fb452,10,,,source_pointer|run_or_campaign|model|corpus_origin|contract|record|observation,0.0,artifact_hash_only_provenance,True,candidate_source_manifest_ready,schema-level provenance only; scientific lineage equivalence remains to be audited
obs080b_scale_band_predictions,outputs/comparisons/obs080b_stability_core_scale_band_sensitivity/obs080b_scale_band_predictions.csv,daaffddaca8dfe402348b889f627b25b30103fac4c94a7d2298181b4295c590b,43288,model|observation,model:model|observation:row_id,source_pointer|run_or_campaign|corpus_origin|contract|record,1.0,partial_schema_provenance,True,candidate_source_manifest_ready,schema-level provenance only; scientific lineage equivalence remains to be audited
obs080b_scale_band_scheme_summary,outputs/comparisons/obs080b_stability_core_scale_band_sensitivity/obs080b_scale_band_scheme_summary.csv,8f604d3c3d31e888391045c82b4a17055883f8e64d1e4aaecceccb31e6d04608,1060,model,model:model,source_pointer|run_or_campaign|corpus_origin|contract|record|observation,1.0,partial_schema_provenance,True,candidate_source_manifest_ready,schema-level provenance only; scientific lineage equivalence remains to be audited
obs080b_scale_band_scores,outputs/comparisons/obs080b_stability_core_scale_band_sensitivity/obs080b_scale_band_scores.csv,852b59e11db33e59153b7539e858ff2d60ac69cc6a4cce35effbcd89933c0ce5,2320,model,model:model,source_pointer|run_or_campaign|corpus_origin|contract|record|observation,1.0,partial_schema_provenance,True,candidate_source_manifest_ready,schema-level provenance only; scientific lineage equivalence remains to be audited
obs080b_scale_band_stability_matrix,outputs/comparisons/obs080b_stability_core_scale_band_sensitivity/obs080b_scale_band_stability_matrix.csv,91b2f68db03720332d452a41017e2e0f452836ce5509f41747a96224a754754e,36,,,source_pointer|run_or_campaign|model|corpus_origin|contract|record|observation,0.0,artifact_hash_only_provenance,True,candidate_source_manifest_ready,schema-level provenance only; scientific lineage equivalence remains to be audited
obs080b_validation_groups,outputs/comparisons/obs080b_stability_core_scale_band_sensitivity/obs080b_validation_groups.csv,35988264f8cf4789c9bcb7fb4883e16e65e10779fa445175abaff344032a2293,608,,,source_pointer|run_or_campaign|model|corpus_origin|contract|record|observation,0.0,artifact_hash_only_provenance,True,candidate_source_manifest_ready,schema-level provenance only; scientific lineage equivalence remains to be audited
obs080c_confusion_matrices,outputs/comparisons/obs080c_feature_family_contract_sensitivity/obs080c_confusion_matrices.csv,a4c30cf08e2227458c4f2136f6332cb91372b30256d721b1f1a2b675e38ad33b,20160,model,model:model,source_pointer|run_or_campaign|corpus_origin|contract|record|observation,1.0,partial_schema_provenance,True,candidate_source_manifest_ready,schema-level provenance only; scientific lineage equivalence remains to be audited
obs080c_contract_contrast_summary,outputs/comparisons/obs080c_feature_family_contract_sensitivity/obs080c_contract_contrast_summary.csv,f6df8a1106b8294463d11800c8d3495f3d409758aca5a7d0f64523cc5721adb9,4,,,source_pointer|run_or_campaign|model|corpus_origin|contract|record|observation,0.0,artifact_hash_only_provenance,True,candidate_source_manifest_ready,schema-level provenance only; scientific lineage equivalence remains to be audited
obs080c_failures,outputs/comparisons/obs080c_feature_family_contract_sensitivity/obs080c_failures.csv,7e2656ef095262c5b8980ecae84c5bb1dd568783b10e73783423d405cd54c5a3,0,model,model:model,source_pointer|run_or_campaign|corpus_origin|contract|record|observation,0.0,partial_schema_provenance,True,candidate_source_manifest_ready,schema-level provenance only; scientific lineage equivalence remains to be audited
obs080c_feature_contract_manifest,outputs/comparisons/obs080c_feature_family_contract_sensitivity/obs080c_feature_contract_manifest.csv,8a21e7ab2ed24f3a5b544b6f46e8aa60bd592558478085252a49a93b421e132d,263,,,source_pointer|run_or_campaign|model|corpus_origin|contract|record|observation,0.0,artifact_hash_only_provenance,True,candidate_source_manifest_ready,schema-level provenance only; scientific lineage equivalence remains to be audited
obs080c_feature_contract_predictions,outputs/comparisons/obs080c_feature_family_contract_sensitivity/obs080c_feature_contract_predictions.csv,a09ca38d92a6d63a437e9402035a854190aa767447caee10b7c2a32ab3fe4c9a,96768,model|observation,model:model|observation:row_id,source_pointer|run_or_campaign|corpus_origin|contract|record,1.0,partial_schema_provenance,True,candidate_source_manifest_ready,schema-level provenance only; scientific lineage equivalence remains to be audited
obs080c_feature_contract_scheme_summary,outputs/comparisons/obs080c_feature_family_contract_sensitivity/obs080c_feature_contract_scheme_summary.csv,6fa2e956ddcdefff111d01281dcb72b4b45288df374f2681b95f3141c35613e0,1536,model,model:model,source_pointer|run_or_campaign|corpus_origin|contract|record|observation,1.0,partial_schema_provenance,True,candidate_source_manifest_ready,schema-level provenance only; scientific lineage equivalence remains to be audited
obs080c_feature_contract_scores,outputs/comparisons/obs080c_feature_family_contract_sensitivity/obs080c_feature_contract_scores.csv,bb2c92c7c29577b1df5c5e2294dcd367b6cf2db876650478e35a41471e446724,3840,model,model:model,source_pointer|run_or_campaign|corpus_origin|contract|record|observation,1.0,partial_schema_provenance,True,candidate_source_manifest_ready,schema-level provenance only; scientific lineage equivalence remains to be audited
obs080c_feature_contract_stability_matrix,outputs/comparisons/obs080c_feature_family_contract_sensitivity/obs080c_feature_contract_stability_matrix.csv,ca22485f71d0754e5d7418e6b52c3f672257127eaca6936178327b37a10d7e54,48,,,source_pointer|run_or_campaign|model|corpus_origin|contract|record|observation,0.0,artifact_hash_only_provenance,True,candidate_source_manifest_ready,schema-level provenance only; scientific lineage equivalence remains to be audited
obs080c_input_manifest,outputs/comparisons/obs080c_feature_family_contract_sensitivity/obs080c_input_manifest.csv,3b160b0b39abe1f9e69c81661b22aa0c74715040d13f6dc2d00ae77d0967aa69,1,,,source_pointer|run_or_campaign|model|corpus_origin|contract|record|observation,0.0,artifact_hash_only_provenance,True,candidate_source_manifest_ready,schema-level provenance only; scientific lineage equivalence remains to be audited
obs080c_pairwise_feature_contract_summary,outputs/comparisons/obs080c_feature_family_contract_sensitivity/obs080c_pairwise_feature_contract_summary.csv,5c7a1ba44c08eac81ccbd0d9a0699a181a2003f98b6505af6a615977854f4ccb,36,,,source_pointer|run_or_campaign|model|corpus_origin|contract|record|observation,0.0,artifact_hash_only_provenance,True,candidate_source_manifest_ready,schema-level provenance only; scientific lineage equivalence remains to be audited
obs080c_permutation_scores,outputs/comparisons/obs080c_feature_family_contract_sensitivity/obs080c_permutation_scores.csv,1ef86488bf320a83d327221c239ef7bfe6c97861a1fb10377066e9982ec85972,28800,model,model:model,source_pointer|run_or_campaign|corpus_origin|contract|record|observation,1.0,partial_schema_provenance,True,candidate_source_manifest_ready,schema-level provenance only; scientific lineage equivalence remains to be audited
obs080c_permutation_summary,outputs/comparisons/obs080c_feature_family_contract_sensitivity/obs080c_permutation_summary.csv,10891a1501c8def5c1668b191a7a453f1d32078850f9ef86f980fa9b90aa9ce4,144,model,model:model,source_pointer|run_or_campaign|corpus_origin|contract|record|observation,1.0,partial_schema_provenance,True,candidate_source_manifest_ready,schema-level provenance only; scientific lineage equivalence remains to be audited
obs080c_validation_groups,outputs/comparisons/obs080c_feature_family_contract_sensitivity/obs080c_validation_groups.csv,560ba31aaf954a58f7ad7010bca6b508a8e9a90e327d6b50356e4fb5d3d3c641,960,,,source_pointer|run_or_campaign|model|corpus_origin|contract|record|observation,0.0,artifact_hash_only_provenance,True,candidate_source_manifest_ready,schema-level provenance only; scientific lineage equivalence remains to be audited
obs080d_bootstrap_confusion_matrices,outputs/comparisons/obs080d_structural_resampling_contract_sensitivity/obs080d_bootstrap_confusion_matrices.csv,fcd3e65a8323965e98e7faa83b8a21cd8b2918e163e99d3e10119debdca47167,250000,model,model:model,source_pointer|run_or_campaign|corpus_origin|contract|record|observation,1.0,partial_schema_provenance,True,candidate_source_manifest_ready,schema-level provenance only; scientific lineage equivalence remains to be audited
obs080d_bootstrap_failures,outputs/comparisons/obs080d_structural_resampling_contract_sensitivity/obs080d_bootstrap_failures.csv,a2b1eda0a6901114c575cc36061b9595b0dbb8c1d93d548e090abae6d79a0109,0,model,model:model,source_pointer|run_or_campaign|corpus_origin|contract|record|observation,0.0,partial_schema_provenance,True,candidate_source_manifest_ready,schema-level provenance only; scientific lineage equivalence remains to be audited
obs080d_bootstrap_predictions,outputs/comparisons/obs080d_structural_resampling_contract_sensitivity/obs080d_bootstrap_predictions.csv,9bfefe310d9bb0f4874cbc790e5663b89435998b5b5cce0354890de2d35b3b27,1,,,source_pointer|run_or_campaign|model|corpus_origin|contract|record|observation,0.0,artifact_hash_only_provenance,True,candidate_source_manifest_ready,schema-level provenance only; scientific lineage equivalence remains to be audited
obs080d_bootstrap_scores,outputs/comparisons/obs080d_structural_resampling_contract_sensitivity/obs080d_bootstrap_scores.csv,f8c4938ad1d3fc1b0ab7db968cd0608eca22ccbcedd9289f36b41b7c687ab5f8,250000,model,model:model,source_pointer|run_or_campaign|corpus_origin|contract|record|observation,1.0,partial_schema_provenance,True,candidate_source_manifest_ready,schema-level provenance only; scientific lineage equivalence remains to be audited
obs080d_bootstrap_summary,outputs/comparisons/obs080d_structural_resampling_contract_sensitivity/obs080d_bootstrap_summary.csv,39762e5b3410d221566898d71eaaafc3601dd15db9e4920060f022e8bd46a6cb,576,model,model:model,source_pointer|run_or_campaign|corpus_origin|contract|record|observation,1.0,partial_schema_provenance,True,candidate_source_manifest_ready,schema-level provenance only; scientific lineage equivalence remains to be audited
obs080d_core_vs_reference_summary,outputs/comparisons/obs080d_structural_resampling_contract_sensitivity/obs080d_core_vs_reference_summary.csv,bb1cc4a79d4a7beaaef7e60b3e9c9dd3143136b21cd3ad63405cbb6153cb6db4,24,,,source_pointer|run_or_campaign|model|corpus_origin|contract|record|observation,0.0,artifact_hash_only_provenance,True,candidate_source_manifest_ready,schema-level provenance only; scientific lineage equivalence remains to be audited
obs080d_feature_contract_manifest,outputs/comparisons/obs080d_structural_resampling_contract_sensitivity/obs080d_feature_contract_manifest.csv,f927eafec401d4aabc2934cc6d1ea366a428014cbfd0b3458bbee38fc16ae940,139,,,source_pointer|run_or_campaign|model|corpus_origin|contract|record|observation,0.0,artifact_hash_only_provenance,True,candidate_source_manifest_ready,schema-level provenance only; scientific lineage equivalence remains to be audited
obs080d_input_manifest,outputs/comparisons/obs080d_structural_resampling_contract_sensitivity/obs080d_input_manifest.csv,0c50773ba9e4e8f1452a07c1e04e3b18a85d1eccb016246f81a1e02490adc2c2,1,,,source_pointer|run_or_campaign|model|corpus_origin|contract|record|observation,0.0,artifact_hash_only_provenance,True,candidate_source_manifest_ready,schema-level provenance only; scientific lineage equivalence remains to be audited
obs080d_resampling_manifest,outputs/comparisons/obs080d_structural_resampling_contract_sensitivity/obs080d_resampling_manifest.csv,a77a971698ecc045a4d4dd1b141064378a6f1abeb50cb15f3411a9ed0d365ea6,6,,,source_pointer|run_or_campaign|model|corpus_origin|contract|record|observation,0.0,artifact_hash_only_provenance,True,candidate_source_manifest_ready,schema-level provenance only; scientific lineage equivalence remains to be audited
obs080d_structural_stability_matrix,outputs/comparisons/obs080d_structural_resampling_contract_sensitivity/obs080d_structural_stability_matrix.csv,b22a0d04bf8717ffe9175211a189463024e284801bdd5c278eee795979b0ab72,144,,,source_pointer|run_or_campaign|model|corpus_origin|contract|record|observation,0.0,artifact_hash_only_provenance,True,candidate_source_manifest_ready,schema-level provenance only; scientific lineage equivalence remains to be audited
obs080d_bootstrap_confusion_matrices__2,outputs/comparisons/obs080d_structural_resampling_contract_sensitivity_smoke/obs080d_bootstrap_confusion_matrices.csv,0f62a57e809be42ea569f39168a49b8f80655109bf6b06b40e36f88feb1831d2,75600,model,model:model,source_pointer|run_or_campaign|corpus_origin|contract|record|observation,1.0,partial_schema_provenance,True,candidate_source_manifest_ready,schema-level provenance only; scientific lineage equivalence remains to be audited
obs080d_bootstrap_failures__2,outputs/comparisons/obs080d_structural_resampling_contract_sensitivity_smoke/obs080d_bootstrap_failures.csv,a2b1eda0a6901114c575cc36061b9595b0dbb8c1d93d548e090abae6d79a0109,0,model,model:model,source_pointer|run_or_campaign|corpus_origin|contract|record|observation,0.0,partial_schema_provenance,True,candidate_source_manifest_ready,schema-level provenance only; scientific lineage equivalence remains to be audited
obs080d_bootstrap_predictions__2,outputs/comparisons/obs080d_structural_resampling_contract_sensitivity_smoke/obs080d_bootstrap_predictions.csv,9bfefe310d9bb0f4874cbc790e5663b89435998b5b5cce0354890de2d35b3b27,1,,,source_pointer|run_or_campaign|model|corpus_origin|contract|record|observation,0.0,artifact_hash_only_provenance,True,candidate_source_manifest_ready,schema-level provenance only; scientific lineage equivalence remains to be audited
obs080d_bootstrap_scores__2,outputs/comparisons/obs080d_structural_resampling_contract_sensitivity_smoke/obs080d_bootstrap_scores.csv,c21dd06543bb6361e2c316ec10befaa28c7d6772e28297f049c08e11f7dd933f,14400,model,model:model,source_pointer|run_or_campaign|corpus_origin|contract|record|observation,1.0,partial_schema_provenance,True,candidate_source_manifest_ready,schema-level provenance only; scientific lineage equivalence remains to be audited
obs080d_bootstrap_summary__2,outputs/comparisons/obs080d_structural_resampling_contract_sensitivity_smoke/obs080d_bootstrap_summary.csv,0c8425614ccb16bfe0280d45eb6af9acd8217e1839c74b93de84a9ae131505a1,576,model,model:model,source_pointer|run_or_campaign|corpus_origin|contract|record|observation,1.0,partial_schema_provenance,True,candidate_source_manifest_ready,schema-level provenance only; scientific lineage equivalence remains to be audited
obs080d_core_vs_reference_summary__2,outputs/comparisons/obs080d_structural_resampling_contract_sensitivity_smoke/obs080d_core_vs_reference_summary.csv,ee8351724fab79d43d1f1c2086d04af81b3a3fe9ae26149d7b1315d29d857976,24,,,source_pointer|run_or_campaign|model|corpus_origin|contract|record|observation,0.0,artifact_hash_only_provenance,True,candidate_source_manifest_ready,schema-level provenance only; scientific lineage equivalence remains to be audited
obs080d_feature_contract_manifest__2,outputs/comparisons/obs080d_structural_resampling_contract_sensitivity_smoke/obs080d_feature_contract_manifest.csv,f927eafec401d4aabc2934cc6d1ea366a428014cbfd0b3458bbee38fc16ae940,139,,,source_pointer|run_or_campaign|model|corpus_origin|contract|record|observation,0.0,artifact_hash_only_provenance,True,candidate_source_manifest_ready,schema-level provenance only; scientific lineage equivalence remains to be audited
obs080d_input_manifest__2,outputs/comparisons/obs080d_structural_resampling_contract_sensitivity_smoke/obs080d_input_manifest.csv,0c50773ba9e4e8f1452a07c1e04e3b18a85d1eccb016246f81a1e02490adc2c2,1,,,source_pointer|run_or_campaign|model|corpus_origin|contract|record|observation,0.0,artifact_hash_only_provenance,True,candidate_source_manifest_ready,schema-level provenance only; scientific lineage equivalence remains to be audited
obs080d_resampling_manifest__2,outputs/comparisons/obs080d_structural_resampling_contract_sensitivity_smoke/obs080d_resampling_manifest.csv,a77a971698ecc045a4d4dd1b141064378a6f1abeb50cb15f3411a9ed0d365ea6,6,,,source_pointer|run_or_campaign|model|corpus_origin|contract|record|observation,0.0,artifact_hash_only_provenance,True,candidate_source_manifest_ready,schema-level provenance only; scientific lineage equivalence remains to be audited
obs080d_structural_stability_matrix__2,outputs/comparisons/obs080d_structural_resampling_contract_sensitivity_smoke/obs080d_structural_stability_matrix.csv,b1f13500e2ebb79d2bfa8dedb11e429381c1188405eca9d49b7fbfff86388159,144,,,source_pointer|run_or_campaign|model|corpus_origin|contract|record|observation,0.0,artifact_hash_only_provenance,True,candidate_source_manifest_ready,schema-level provenance only; scientific lineage equivalence remains to be audited
obs073_feature_table__4,outputs/corpora/C/campaigns/canonical_legacy/pipeline/obs073_C0_instant_vs_Cp_v5/obs073_feature_table.csv,f877ad1b7d265f581d429b1be14c0594f1e16535067834c46250771dd759a2f0,200000,corpus_origin,corpus_origin:corpus,source_pointer|run_or_campaign|model|contract|record|observation,1.0,partial_schema_provenance,True,candidate_source_manifest_ready,schema-level provenance only; scientific lineage equivalence remains to be audited
obs073_feature_table__5,outputs/corpora/C/campaigns/canonical_legacy/pipeline/obs073_Cp_vs_Cp2_v5/obs073_feature_table.csv,0868ec2ff6cfc98eaedbd0f244800b088caad0ecea74fbc879850369c719825f,200000,corpus_origin,corpus_origin:corpus,source_pointer|run_or_campaign|model|contract|record|observation,1.0,partial_schema_provenance,True,candidate_source_manifest_ready,schema-level provenance only; scientific lineage equivalence remains to be audited
obs073_feature_table__6,outputs/corpora/C/campaigns/canonical_legacy/pipeline/obs073_continuous_field_groupoid_reduction_smoke/obs073_feature_table.csv,2e3e40b016f5e71aadc9f0a0b906867ec77b434c092eaa57c850c5ebf8ef7cf2,30000,corpus_origin,corpus_origin:corpus,source_pointer|run_or_campaign|model|contract|record|observation,1.0,partial_schema_provenance,True,candidate_source_manifest_ready,schema-level provenance only; scientific lineage equivalence remains to be audited
obs073_feature_table__7,outputs/corpora/C/campaigns/canonical_legacy/pipeline/obs073_continuous_field_groupoid_reduction_v2_smoke/obs073_feature_table.csv,495f73281778174e6b5c5c8a0c414495dd0efeb61354c7423e36e55b397ecb24,30000,corpus_origin,corpus_origin:corpus,source_pointer|run_or_campaign|model|contract|record|observation,1.0,partial_schema_provenance,True,candidate_source_manifest_ready,schema-level provenance only; scientific lineage equivalence remains to be audited
obs073_feature_table__8,outputs/corpora/C/campaigns/canonical_legacy/pipeline/obs073_continuous_field_groupoid_reduction_v3_smoke/obs073_feature_table.csv,495f73281778174e6b5c5c8a0c414495dd0efeb61354c7423e36e55b397ecb24,30000,corpus_origin,corpus_origin:corpus,source_pointer|run_or_campaign|model|contract|record|observation,1.0,partial_schema_provenance,True,candidate_source_manifest_ready,schema-level provenance only; scientific lineage equivalence remains to be audited
obs073_feature_table__9,outputs/corpora/C/campaigns/canonical_legacy/pipeline/obs073_continuous_field_groupoid_reduction_v4_full/obs073_feature_table.csv,bf3d2a80d24d016a5cbebb310a859779ca52f28a582129e4b30b5a7b9827f642,200000,corpus_origin,corpus_origin:corpus,source_pointer|run_or_campaign|model|contract|record|observation,1.0,partial_schema_provenance,True,candidate_source_manifest_ready,schema-level provenance only; scientific lineage equivalence remains to be audited
obs073_feature_table__10,outputs/corpora/C/campaigns/canonical_legacy/pipeline/obs073_continuous_field_groupoid_reduction_v4_smoke/obs073_feature_table.csv,779d5eb385a449399a050732eaf4f952944a9b0d8330706a1e70a1bf25c16dee,30000,corpus_origin,corpus_origin:corpus,source_pointer|run_or_campaign|model|contract|record|observation,1.0,partial_schema_provenance,True,candidate_source_manifest_ready,schema-level provenance only; scientific lineage equivalence remains to be audited
obs073_feature_table__11,outputs/corpora/C/campaigns/canonical_legacy/pipeline/obs073_continuous_field_groupoid_reduction_v5_full/obs073_feature_table.csv,bf3d2a80d24d016a5cbebb310a859779ca52f28a582129e4b30b5a7b9827f642,200000,corpus_origin,corpus_origin:corpus,source_pointer|run_or_campaign|model|contract|record|observation,1.0,partial_schema_provenance,True,candidate_source_manifest_ready,schema-level provenance only; scientific lineage equivalence remains to be audited
obs073_feature_table__12,outputs/corpora/C/campaigns/canonical_legacy/pipeline/obs073_continuous_field_groupoid_reduction_v5_smoke/obs073_feature_table.csv,779d5eb385a449399a050732eaf4f952944a9b0d8330706a1e70a1bf25c16dee,30000,corpus_origin,corpus_origin:corpus,source_pointer|run_or_campaign|model|contract|record|observation,1.0,partial_schema_provenance,True,candidate_source_manifest_ready,schema-level provenance only; scientific lineage equivalence remains to be audited
obs073_feature_table__13,outputs/obs073_C0_instant_vs_Cp_v5/obs073_feature_table.csv,f877ad1b7d265f581d429b1be14c0594f1e16535067834c46250771dd759a2f0,200000,corpus_origin,corpus_origin:corpus,source_pointer|run_or_campaign|model|contract|record|observation,1.0,partial_schema_provenance,True,candidate_source_manifest_ready,schema-level provenance only; scientific lineage equivalence remains to be audited
obs073_feature_table__14,outputs/obs073_C_vs_Cp_v5/obs073_feature_table.csv,77d1e65bf1ca15eacd7344d78cad343f6830cb9ffc42bb2664684ef029dc4412,200000,corpus_origin,corpus_origin:corpus,source_pointer|run_or_campaign|model|contract|record|observation,1.0,partial_schema_provenance,True,candidate_source_manifest_ready,schema-level provenance only; scientific lineage equivalence remains to be audited
obs073_feature_table__15,outputs/obs073_Cp_vs_Cp2_v5/obs073_feature_table.csv,0868ec2ff6cfc98eaedbd0f244800b088caad0ecea74fbc879850369c719825f,200000,corpus_origin,corpus_origin:corpus,source_pointer|run_or_campaign|model|contract|record|observation,1.0,partial_schema_provenance,True,candidate_source_manifest_ready,schema-level provenance only; scientific lineage equivalence remains to be audited
obs073_feature_table__16,outputs/obs073_continuous_field_groupoid_reduction_smoke/obs073_feature_table.csv,2e3e40b016f5e71aadc9f0a0b906867ec77b434c092eaa57c850c5ebf8ef7cf2,30000,corpus_origin,corpus_origin:corpus,source_pointer|run_or_campaign|model|contract|record|observation,1.0,partial_schema_provenance,True,candidate_source_manifest_ready,schema-level provenance only; scientific lineage equivalence remains to be audited
obs073_feature_table__17,outputs/obs073_continuous_field_groupoid_reduction_v2_smoke/obs073_feature_table.csv,495f73281778174e6b5c5c8a0c414495dd0efeb61354c7423e36e55b397ecb24,30000,corpus_origin,corpus_origin:corpus,source_pointer|run_or_campaign|model|contract|record|observation,1.0,partial_schema_provenance,True,candidate_source_manifest_ready,schema-level provenance only; scientific lineage equivalence remains to be audited
obs073_feature_table__18,outputs/obs073_continuous_field_groupoid_reduction_v3_smoke/obs073_feature_table.csv,495f73281778174e6b5c5c8a0c414495dd0efeb61354c7423e36e55b397ecb24,30000,corpus_origin,corpus_origin:corpus,source_pointer|run_or_campaign|model|contract|record|observation,1.0,partial_schema_provenance,True,candidate_source_manifest_ready,schema-level provenance only; scientific lineage equivalence remains to be audited
obs073_feature_table__19,outputs/obs073_continuous_field_groupoid_reduction_v4_full/obs073_feature_table.csv,bf3d2a80d24d016a5cbebb310a859779ca52f28a582129e4b30b5a7b9827f642,200000,corpus_origin,corpus_origin:corpus,source_pointer|run_or_campaign|model|contract|record|observation,1.0,partial_schema_provenance,True,candidate_source_manifest_ready,schema-level provenance only; scientific lineage equivalence remains to be audited
obs073_feature_table__20,outputs/obs073_continuous_field_groupoid_reduction_v4_smoke/obs073_feature_table.csv,779d5eb385a449399a050732eaf4f952944a9b0d8330706a1e70a1bf25c16dee,30000,corpus_origin,corpus_origin:corpus,source_pointer|run_or_campaign|model|contract|record|observation,1.0,partial_schema_provenance,True,candidate_source_manifest_ready,schema-level provenance only; scientific lineage equivalence remains to be audited
obs073_feature_table__21,outputs/obs073_continuous_field_groupoid_reduction_v5_full/obs073_feature_table.csv,bf3d2a80d24d016a5cbebb310a859779ca52f28a582129e4b30b5a7b9827f642,200000,corpus_origin,corpus_origin:corpus,source_pointer|run_or_campaign|model|contract|record|observation,1.0,partial_schema_provenance,True,candidate_source_manifest_ready,schema-level provenance only; scientific lineage equivalence remains to be audited
obs073_feature_table__22,outputs/obs073_continuous_field_groupoid_reduction_v5_smoke/obs073_feature_table.csv,779d5eb385a449399a050732eaf4f952944a9b0d8330706a1e70a1bf25c16dee,30000,corpus_origin,corpus_origin:corpus,source_pointer|run_or_campaign|model|contract|record|observation,1.0,partial_schema_provenance,True,candidate_source_manifest_ready,schema-level provenance only; scientific lineage equivalence remains to be audited
obs074_feature_table__4,outputs/obs074_lexical_field_bridge_C_Cp_Cp2_v2_smoke/obs074_feature_table.csv,9d4cb6d390eb7ddafa142c8c331c4e4b03edacb57f4e600fc0b308431826cabb,45000,corpus_origin,corpus_origin:corpus,source_pointer|run_or_campaign|model|contract|record|observation,1.0,partial_schema_provenance,True,candidate_source_manifest_ready,schema-level provenance only; scientific lineage equivalence remains to be audited
rig_stability_core_geometry,outputs/rig_navigator/views/rig_stability_core_geometry.csv,ec8b0910d0cc3ccb79b25393697fc43b6c1e18f63190ecd4608153ecab2c87cf,168,observation,observation:row_id,source_pointer|run_or_campaign|model|corpus_origin|contract|record,1.0,artifact_hash_only_provenance,True,candidate_source_manifest_ready,schema-level provenance only; scientific lineage equivalence remains to be audited
obs082_blockers,outputs/rig_registry/obs082_intervention_readiness/obs082_blockers.csv,9037df6fc6abaf09450b6e7727ec8af0e42c0c5c861c24c078e71ae6d2d4a351,0,,,source_pointer|run_or_campaign|model|corpus_origin|contract|record|observation,0.0,artifact_hash_only_provenance,True,candidate_source_manifest_ready,schema-level provenance only; scientific lineage equivalence remains to be audited
obs082_candidate_intervention_hypotheses,outputs/rig_registry/obs082_intervention_readiness/obs082_candidate_intervention_hypotheses.csv,c5804324d43f96625aadaa15418f0a67c5e8d40cb6b1b5baa58434e3308717a2,0,,,source_pointer|run_or_campaign|model|corpus_origin|contract|record|observation,0.0,artifact_hash_only_provenance,True,candidate_source_manifest_ready,schema-level provenance only; scientific lineage equivalence remains to be audited
obs082_failure_mode_inventory,outputs/rig_registry/obs082_intervention_readiness/obs082_failure_mode_inventory.csv,1d49f9736d1a110218e91918ae8ce0e1e5bd5399fc03e69e355b2e9743579fb9,29,,,source_pointer|run_or_campaign|model|corpus_origin|contract|record|observation,0.0,artifact_hash_only_provenance,True,candidate_source_manifest_ready,schema-level provenance only; scientific lineage equivalence remains to be audited
obs082_input_manifest,outputs/rig_registry/obs082_intervention_readiness/obs082_input_manifest.csv,19bcb477991be28be4c15b9de52675c078ba9de383aa49031c1418c209081384,5,,,source_pointer|run_or_campaign|model|corpus_origin|contract|record|observation,0.0,artifact_hash_only_provenance,True,candidate_source_manifest_ready,schema-level provenance only; scientific lineage equivalence remains to be audited
obs082_negative_control_contrasts,outputs/rig_registry/obs082_intervention_readiness/obs082_negative_control_contrasts.csv,842c0797223385805fdfc7df93b8b1d80824a34e6027774a703aac09bb0af240,48,,,source_pointer|run_or_campaign|model|corpus_origin|contract|record|observation,0.0,artifact_hash_only_provenance,True,candidate_source_manifest_ready,schema-level provenance only; scientific lineage equivalence remains to be audited
obs082_relation_readiness_scores,outputs/rig_registry/obs082_intervention_readiness/obs082_relation_readiness_scores.csv,adc417410daa7137bbcc07557848fa3879ec38031e902213c9a6722031918941,24,,,source_pointer|run_or_campaign|model|corpus_origin|contract|record|observation,0.0,artifact_hash_only_provenance,True,candidate_source_manifest_ready,schema-level provenance only; scientific lineage equivalence remains to be audited
obs083_blocker_refinement,outputs/rig_registry/obs083_negative_control_localization/obs083_blocker_refinement.csv,c610993c3a73d45365bf063483f631f3514c65a9a6c796d5f917594bed0218a0,24,record,record:record_id,source_pointer|run_or_campaign|model|corpus_origin|contract|observation,1.0,artifact_hash_only_provenance,True,candidate_source_manifest_ready,schema-level provenance only; scientific lineage equivalence remains to be audited
obs083_carrier_control_contrast,outputs/rig_registry/obs083_negative_control_localization/obs083_carrier_control_contrast.csv,58f0451b2b321fc4c192464134fb70566404ed4d169e41dee89204d90f5c37c5,120,record,record:record_id,source_pointer|run_or_campaign|model|corpus_origin|contract|observation,1.0,artifact_hash_only_provenance,True,candidate_source_manifest_ready,schema-level provenance only; scientific lineage equivalence remains to be audited
obs083_contract_control_contrast,outputs/rig_registry/obs083_negative_control_localization/obs083_contract_control_contrast.csv,afabb76cdc3995e0e3be9c32bba676cd240e452f6e52f69ee6e78a3bf7d56ade,96,contract|record,contract:contract_family|record:record_id,source_pointer|run_or_campaign|model|corpus_origin|observation,1.0,artifact_hash_only_provenance,True,candidate_source_manifest_ready,schema-level provenance only; scientific lineage equivalence remains to be audited
obs083_diagnostic_subclass_assignments,outputs/rig_registry/obs083_negative_control_localization/obs083_diagnostic_subclass_assignments.csv,c3fd28c1bbc31dde900cedf9ed6ea3b3f40cddbfb64d642e5521461b5a186701,24,record,record:record_id,source_pointer|run_or_campaign|model|corpus_origin|contract|observation,1.0,artifact_hash_only_provenance,True,candidate_source_manifest_ready,schema-level provenance only; scientific lineage equivalence remains to be audited
obs083_failure_localization_matrix,outputs/rig_registry/obs083_negative_control_localization/obs083_failure_localization_matrix.csv,9a4653921fc8ccbd2b1963ffc5cae0e1c4af0e17fbd5b69de7a19067d7875e2f,24,record,record:record_id,source_pointer|run_or_campaign|model|corpus_origin|contract|observation,1.0,artifact_hash_only_provenance,True,candidate_source_manifest_ready,schema-level provenance only; scientific lineage equivalence remains to be audited
obs083_geometry_needed_control_contrast,outputs/rig_registry/obs083_negative_control_localization/obs083_geometry_needed_control_contrast.csv,0a9f1ac29867a043386c187f5d2cbe0403283818e43aaea159103c7681133339,4,,,source_pointer|run_or_campaign|model|corpus_origin|contract|record|observation,0.0,artifact_hash_only_provenance,True,candidate_source_manifest_ready,schema-level provenance only; scientific lineage equivalence remains to be audited
obs083_input_manifest,outputs/rig_registry/obs083_negative_control_localization/obs083_input_manifest.csv,b7796f5f140cfe58b2ae7a262f1ae40c206ac5831d9c95aab24404a7075625c9,14,,,source_pointer|run_or_campaign|model|corpus_origin|contract|record|observation,0.0,artifact_hash_only_provenance,True,candidate_source_manifest_ready,schema-level provenance only; scientific lineage equivalence remains to be audited
obs083_matched_negative_control_design,outputs/rig_registry/obs083_negative_control_localization/obs083_matched_negative_control_design.csv,f4443c028c2b71ead768affc865549403a15dc4758f548186313895061f419c5,416,record,record:record_id,source_pointer|run_or_campaign|model|corpus_origin|contract|observation,1.0,artifact_hash_only_provenance,True,candidate_source_manifest_ready,schema-level provenance only; scientific lineage equivalence remains to be audited
obs083_readiness_delta_from_obs082,outputs/rig_registry/obs083_negative_control_localization/obs083_readiness_delta_from_obs082.csv,15c9b8e232151c8025b4af4460c1ae8d7f4e2c61bc9b0b2d6b7b08b1e6883809,24,record,record:record_id,source_pointer|run_or_campaign|model|corpus_origin|contract|observation,1.0,artifact_hash_only_provenance,True,candidate_source_manifest_ready,schema-level provenance only; scientific lineage equivalence remains to be audited
obs083_relation_control_contrast,outputs/rig_registry/obs083_negative_control_localization/obs083_relation_control_contrast.csv,d8362e49c97d1ba8566ab9704b400139e0315c5dd7f6201be891deb8032c70a9,72,record,record:record_id,source_pointer|run_or_campaign|model|corpus_origin|contract|observation,1.0,artifact_hash_only_provenance,True,candidate_source_manifest_ready,schema-level provenance only; scientific lineage equivalence remains to be audited
obs083_repair_specificity_sharpening,outputs/rig_registry/obs083_negative_control_localization/obs083_repair_specificity_sharpening.csv,64566646b0dbe786f787883a740d1cac15d7d8c6a691e018af0a697a002c1146,24,record,record:record_id,source_pointer|run_or_campaign|model|corpus_origin|contract|observation,1.0,artifact_hash_only_provenance,True,candidate_source_manifest_ready,schema-level provenance only; scientific lineage equivalence remains to be audited
rig_failure_localization,outputs/rig_registry/rig_failure_localization.csv,bbde04e99b8d9daec0b533ba72cba0994b2bee95bfae8b2c9a93397614181dd1,29,contract,contract:contract_family,source_pointer|run_or_campaign|model|corpus_origin|record|observation,1.0,artifact_hash_only_provenance,True,candidate_source_manifest_ready,schema-level provenance only; scientific lineage equivalence remains to be audited
rig_geometry_needed_ladder,outputs/rig_registry/rig_geometry_needed_ladder.csv,612747a5bced2c0839e1424d0ff42cebee39d3fb12ed647ddb01894bbf52d34f,24,,,source_pointer|run_or_campaign|model|corpus_origin|contract|record|observation,0.0,artifact_hash_only_provenance,True,candidate_source_manifest_ready,schema-level provenance only; scientific lineage equivalence remains to be audited
rig_relation_registry,outputs/rig_registry/rig_relation_registry.csv,211d6270d948503ffda4a866558ca95fec0bc9fe99a5fe201616b842389ae631,24,,,source_pointer|run_or_campaign|model|corpus_origin|contract|record|observation,0.0,artifact_hash_only_provenance,True,candidate_source_manifest_ready,schema-level provenance only; scientific lineage equivalence remains to be audited
rig_repair_recommendations,outputs/rig_registry/rig_repair_recommendations.csv,b05033251dc08cf74d472a980c34d3a8e73305fc445df0c4e3f170996d2b0977,24,,,source_pointer|run_or_campaign|model|corpus_origin|contract|record|observation,0.0,artifact_hash_only_provenance,True,candidate_source_manifest_ready,schema-level provenance only; scientific lineage equivalence remains to be audited
rig_survival_matrix,outputs/rig_registry/rig_survival_matrix.csv,ad324d2ed69c46d620ab82050d347e43781dca1b7fba3fc4de5e8e7a3f061aa8,256,source_pointer|contract,source_pointer:source_path|contract:contract_family,run_or_campaign|model|corpus_origin|record|observation,1.0,partial_schema_provenance,True,candidate_source_manifest_ready,schema-level provenance only; scientific lineage equivalence remains to be audited
