artifact_label,artifact_path,unit_family,unit_column,row_count,non_null_rows,unique_clusters,singleton_clusters,largest_cluster_rows,median_cluster_rows,regime_column,regime_levels,provenance_column,provenance_levels,feasible_two_way,feasible_three_way,recommended_design,limitation,partition_priority,independence_guardrail
obs075d_feature_table,outputs/comparisons/obs075d_cp3_path_lexical_control_logreg/obs075d_feature_table.csv,route_id,path_id,145000,145000,100000,85000,4,1.0,corpus,4,,0,True,True,candidate_discovery_confirmation_replication,,2,keep overlapping windows and transitions from a route in one partition
obs073_feature_table__4,outputs/corpora/C/campaigns/canonical_legacy/pipeline/obs073_C0_instant_vs_Cp_v5/obs073_feature_table.csv,route_id,path_id,200000,200000,100000,0,2,2.0,corpus,2,,0,True,True,candidate_discovery_confirmation_replication,,2,keep overlapping windows and transitions from a route in one partition
obs073_feature_table__5,outputs/corpora/C/campaigns/canonical_legacy/pipeline/obs073_Cp_vs_Cp2_v5/obs073_feature_table.csv,route_id,path_id,200000,200000,100000,0,2,2.0,corpus,2,,0,True,True,candidate_discovery_confirmation_replication,,2,keep overlapping windows and transitions from a route in one partition
obs073_feature_table__9,outputs/corpora/C/campaigns/canonical_legacy/pipeline/obs073_continuous_field_groupoid_reduction_v4_full/obs073_feature_table.csv,route_id,path_id,200000,200000,100000,0,2,2.0,corpus,2,,0,True,True,candidate_discovery_confirmation_replication,,2,keep overlapping windows and transitions from a route in one partition
obs073_feature_table__11,outputs/corpora/C/campaigns/canonical_legacy/pipeline/obs073_continuous_field_groupoid_reduction_v5_full/obs073_feature_table.csv,route_id,path_id,200000,200000,100000,0,2,2.0,corpus,2,,0,True,True,candidate_discovery_confirmation_replication,,2,keep overlapping windows and transitions from a route in one partition
obs073_feature_table__13,outputs/obs073_C0_instant_vs_Cp_v5/obs073_feature_table.csv,route_id,path_id,200000,200000,100000,0,2,2.0,corpus,2,,0,True,True,candidate_discovery_confirmation_replication,,2,keep overlapping windows and transitions from a route in one partition
obs073_feature_table__14,outputs/obs073_C_vs_Cp_v5/obs073_feature_table.csv,route_id,path_id,200000,200000,100000,0,2,2.0,corpus,2,,0,True,True,candidate_discovery_confirmation_replication,,2,keep overlapping windows and transitions from a route in one partition
obs073_feature_table__15,outputs/obs073_Cp_vs_Cp2_v5/obs073_feature_table.csv,route_id,path_id,200000,200000,100000,0,2,2.0,corpus,2,,0,True,True,candidate_discovery_confirmation_replication,,2,keep overlapping windows and transitions from a route in one partition
obs073_feature_table__19,outputs/obs073_continuous_field_groupoid_reduction_v4_full/obs073_feature_table.csv,route_id,path_id,200000,200000,100000,0,2,2.0,corpus,2,,0,True,True,candidate_discovery_confirmation_replication,,2,keep overlapping windows and transitions from a route in one partition
obs073_feature_table__21,outputs/obs073_continuous_field_groupoid_reduction_v5_full/obs073_feature_table.csv,route_id,path_id,200000,200000,100000,0,2,2.0,corpus,2,,0,True,True,candidate_discovery_confirmation_replication,,2,keep overlapping windows and transitions from a route in one partition
obs073_feature_table__2,outputs/comparisons/obs073_Cp2_vs_Cp3_v5_smoke/obs073_feature_table.csv,route_id,path_id,30000,30000,27666,25332,2,1.0,corpus,2,,0,True,True,candidate_discovery_confirmation_replication,,2,keep overlapping windows and transitions from a route in one partition
obs073_feature_table__10,outputs/corpora/C/campaigns/canonical_legacy/pipeline/obs073_continuous_field_groupoid_reduction_v4_smoke/obs073_feature_table.csv,route_id,path_id,30000,30000,27666,25332,2,1.0,corpus,2,,0,True,True,candidate_discovery_confirmation_replication,,2,keep overlapping windows and transitions from a route in one partition
obs073_feature_table__12,outputs/corpora/C/campaigns/canonical_legacy/pipeline/obs073_continuous_field_groupoid_reduction_v5_smoke/obs073_feature_table.csv,route_id,path_id,30000,30000,27666,25332,2,1.0,corpus,2,,0,True,True,candidate_discovery_confirmation_replication,,2,keep overlapping windows and transitions from a route in one partition
obs073_feature_table__20,outputs/obs073_continuous_field_groupoid_reduction_v4_smoke/obs073_feature_table.csv,route_id,path_id,30000,30000,27666,25332,2,1.0,corpus,2,,0,True,True,candidate_discovery_confirmation_replication,,2,keep overlapping windows and transitions from a route in one partition
obs073_feature_table__22,outputs/obs073_continuous_field_groupoid_reduction_v5_smoke/obs073_feature_table.csv,route_id,path_id,30000,30000,27666,25332,2,1.0,corpus,2,,0,True,True,candidate_discovery_confirmation_replication,,2,keep overlapping windows and transitions from a route in one partition
obs073_feature_table,outputs/comparisons/obs073_C_vs_Cp3_v5_smoke/obs073_feature_table.csv,route_id,path_id,30000,30000,15000,0,2,2.0,corpus,2,,0,True,True,candidate_discovery_confirmation_replication,,2,keep overlapping windows and transitions from a route in one partition
obs073_feature_table__3,outputs/comparisons/obs073_Cp_vs_Cp3_v5_smoke/obs073_feature_table.csv,route_id,path_id,30000,30000,15000,0,2,2.0,corpus,2,,0,True,True,candidate_discovery_confirmation_replication,,2,keep overlapping windows and transitions from a route in one partition
obs074_feature_table,outputs/comparisons/obs074_Cp3_lexical_field_bridge_smoke/obs074_feature_table.csv,route_id,path_id,15000,15000,15000,15000,1,1.0,corpus,1,,0,True,True,candidate_discovery_confirmation_replication,,2,keep overlapping windows and transitions from a route in one partition
obs074_feature_table__2,outputs/comparisons/obs074_Cp3_lexical_field_bridge_smoke_v2/obs074_feature_table.csv,route_id,path_id,15000,15000,15000,15000,1,1.0,corpus,1,,0,True,True,candidate_discovery_confirmation_replication,,2,keep overlapping windows and transitions from a route in one partition
obs074_feature_table__3,outputs/comparisons/obs074_lexical_field_bridge/C_Cp_Cp2_v3_smoke/obs074_feature_table.csv,route_id,path_id,45000,45000,15000,0,3,3.0,corpus,3,,0,True,True,candidate_discovery_confirmation_replication,,2,keep overlapping windows and transitions from a route in one partition
obs073_feature_table__6,outputs/corpora/C/campaigns/canonical_legacy/pipeline/obs073_continuous_field_groupoid_reduction_smoke/obs073_feature_table.csv,route_id,path_id,30000,30000,15000,0,2,2.0,corpus,2,,0,True,True,candidate_discovery_confirmation_replication,,2,keep overlapping windows and transitions from a route in one partition
obs073_feature_table__7,outputs/corpora/C/campaigns/canonical_legacy/pipeline/obs073_continuous_field_groupoid_reduction_v2_smoke/obs073_feature_table.csv,route_id,path_id,30000,30000,15000,0,2,2.0,corpus,2,,0,True,True,candidate_discovery_confirmation_replication,,2,keep overlapping windows and transitions from a route in one partition
obs073_feature_table__8,outputs/corpora/C/campaigns/canonical_legacy/pipeline/obs073_continuous_field_groupoid_reduction_v3_smoke/obs073_feature_table.csv,route_id,path_id,30000,30000,15000,0,2,2.0,corpus,2,,0,True,True,candidate_discovery_confirmation_replication,,2,keep overlapping windows and transitions from a route in one partition
obs073_feature_table__16,outputs/obs073_continuous_field_groupoid_reduction_smoke/obs073_feature_table.csv,route_id,path_id,30000,30000,15000,0,2,2.0,corpus,2,,0,True,True,candidate_discovery_confirmation_replication,,2,keep overlapping windows and transitions from a route in one partition
obs073_feature_table__17,outputs/obs073_continuous_field_groupoid_reduction_v2_smoke/obs073_feature_table.csv,route_id,path_id,30000,30000,15000,0,2,2.0,corpus,2,,0,True,True,candidate_discovery_confirmation_replication,,2,keep overlapping windows and transitions from a route in one partition
obs073_feature_table__18,outputs/obs073_continuous_field_groupoid_reduction_v3_smoke/obs073_feature_table.csv,route_id,path_id,30000,30000,15000,0,2,2.0,corpus,2,,0,True,True,candidate_discovery_confirmation_replication,,2,keep overlapping windows and transitions from a route in one partition
obs074_feature_table__4,outputs/obs074_lexical_field_bridge_C_Cp_Cp2_v2_smoke/obs074_feature_table.csv,route_id,path_id,45000,45000,15000,0,3,3.0,corpus,3,,0,True,True,candidate_discovery_confirmation_replication,,2,keep overlapping windows and transitions from a route in one partition
obs079a_leave_structure_predictions,outputs/comparisons/obs079a_stability_signature_leave_structure_out/obs079a_leave_structure_predictions.csv,observation_id,row_id,4032,4032,168,0,24,24.0,,0,,0,True,True,candidate_discovery_confirmation_replication,,5,observation-level partitioning is last resort and does not establish independence
obs079c_pairwise_predictions,outputs/comparisons/obs079c_pairwise_stability_classifiers/obs079c_pairwise_predictions.csv,observation_id,row_id,37632,37632,168,0,224,224.0,,0,,0,True,True,candidate_discovery_confirmation_replication,,5,observation-level partitioning is last resort and does not establish independence
obs080a_transform_predictions,outputs/comparisons/obs080a_stability_core_transform_sensitivity/obs080a_transform_predictions.csv,observation_id,row_id,56448,56448,168,0,336,336.0,,0,,0,True,True,candidate_discovery_confirmation_replication,,5,observation-level partitioning is last resort and does not establish independence
obs080a_transformed_feature_table,outputs/comparisons/obs080a_stability_core_transform_sensitivity/obs080a_transformed_feature_table.csv,observation_id,row_id,168,168,168,168,1,1.0,,0,,0,True,True,candidate_discovery_confirmation_replication,,5,observation-level partitioning is last resort and does not establish independence
obs080b_scale_band_predictions,outputs/comparisons/obs080b_stability_core_scale_band_sensitivity/obs080b_scale_band_predictions.csv,observation_id,row_id,43288,43288,168,0,288,240.0,,0,,0,True,True,candidate_discovery_confirmation_replication,,5,observation-level partitioning is last resort and does not establish independence
obs080c_feature_contract_predictions,outputs/comparisons/obs080c_feature_family_contract_sensitivity/obs080c_feature_contract_predictions.csv,observation_id,row_id,96768,96768,168,0,576,576.0,,0,,0,True,True,candidate_discovery_confirmation_replication,,5,observation-level partitioning is last resort and does not establish independence
rig_stability_core_geometry,outputs/rig_navigator/views/rig_stability_core_geometry.csv,observation_id,row_id,168,168,168,168,1,1.0,,0,,0,True,True,candidate_discovery_confirmation_replication,,5,observation-level partitioning is last resort and does not establish independence
obs076d_scale_feature_table,outputs/comparisons/obs076d_Cp2_vs_Cp3_scale_conditioned_factor_separability_shared14_mds_pilot_logreg/obs076d_scale_feature_table.csv,observation_id,id,1200,1200,75,0,16,16.0,,0,,0,True,True,candidate_discovery_confirmation_replication,,5,observation-level partitioning is last resort and does not establish independence
obs076d_scale_feature_table__2,outputs/comparisons/obs076d_Cp2_vs_Cp3_scale_conditioned_factor_separability_shared14_mds_pilot_logreg_dynamic_only_v2/obs076d_scale_feature_table.csv,observation_id,id,1200,1200,75,0,16,16.0,,0,,0,True,True,candidate_discovery_confirmation_replication,,5,observation-level partitioning is last resort and does not establish independence
obs078a_feature_table,outputs/comparisons/obs078a_mechanistic_signature_classifier/obs078a_feature_table.csv,object_id,object,168,168,8,0,35,23.0,,0,,0,False,False,not_confirmation_feasible,only 8 independent clusters; need at least 12,1,keep all rows/windows/routes belonging to an object in one partition
obs078a_feature_table__2,outputs/comparisons/obs078a_mechanistic_signature_classifier_v2/obs078a_feature_table.csv,object_id,object,168,168,8,0,35,23.0,,0,,0,False,False,not_confirmation_feasible,only 8 independent clusters; need at least 12,1,keep all rows/windows/routes belonging to an object in one partition
obs078c_case_object_matrix,outputs/comparisons/obs078c_stability_signature_localization/obs078c_case_object_matrix.csv,object_id,object,8,8,8,8,1,1.0,,0,,0,False,False,not_confirmation_feasible,only 8 independent clusters; need at least 12,1,keep all rows/windows/routes belonging to an object in one partition
obs078c_feature_zscores,outputs/comparisons/obs078c_stability_signature_localization/obs078c_feature_zscores.csv,object_id,object,168,168,8,0,35,23.0,,0,,0,False,False,not_confirmation_feasible,only 8 independent clusters; need at least 12,1,keep all rows/windows/routes belonging to an object in one partition
obs078c_pairwise_case_contrasts,outputs/comparisons/obs078c_stability_signature_localization/obs078c_pairwise_case_contrasts.csv,object_id,object,143,109,8,0,21,17.0,,0,,0,False,False,not_confirmation_feasible,only 8 independent clusters; need at least 12,1,keep all rows/windows/routes belonging to an object in one partition
obs078c_signature_by_object,outputs/comparisons/obs078c_stability_signature_localization/obs078c_signature_by_object.csv,object_id,object,21,21,8,0,3,3.0,,0,,0,False,False,not_confirmation_feasible,only 8 independent clusters; need at least 12,1,keep all rows/windows/routes belonging to an object in one partition
obs078c_signature_by_object_cohort,outputs/comparisons/obs078c_stability_signature_localization/obs078c_signature_by_object_cohort.csv,object_id,object,115,115,8,0,18,16.0,,0,,0,False,False,not_confirmation_feasible,only 8 independent clusters; need at least 12,1,keep all rows/windows/routes belonging to an object in one partition
obs078c_signature_by_object_transition,outputs/comparisons/obs078c_stability_signature_localization/obs078c_signature_by_object_transition.csv,object_id,object,30,30,8,0,6,4.0,,0,,0,False,False,not_confirmation_feasible,only 8 independent clusters; need at least 12,1,keep all rows/windows/routes belonging to an object in one partition
obs078c_top_separating_groups,outputs/comparisons/obs078c_stability_signature_localization/obs078c_top_separating_groups.csv,object_id,object,149,118,8,0,23,18.5,,0,,0,False,False,not_confirmation_feasible,only 8 independent clusters; need at least 12,1,keep all rows/windows/routes belonging to an object in one partition
obs079a_leave_structure_predictions,outputs/comparisons/obs079a_stability_signature_leave_structure_out/obs079a_leave_structure_predictions.csv,object_id,object,4032,4032,8,0,840,552.0,,0,,0,False,False,not_confirmation_feasible,only 8 independent clusters; need at least 12,1,keep all rows/windows/routes belonging to an object in one partition
obs079b_bootstrap_ci_by_object,outputs/comparisons/obs079b_stability_signature_bootstrap_ci/obs079b_bootstrap_ci_by_object.csv,object_id,object,210,210,8,0,30,30.0,,0,,0,False,False,not_confirmation_feasible,only 8 independent clusters; need at least 12,1,keep all rows/windows/routes belonging to an object in one partition
obs079b_bootstrap_ci_by_object_cohort,outputs/comparisons/obs079b_stability_signature_bootstrap_ci/obs079b_bootstrap_ci_by_object_cohort.csv,object_id,object,1150,1150,8,0,180,160.0,,0,,0,False,False,not_confirmation_feasible,only 8 independent clusters; need at least 12,1,keep all rows/windows/routes belonging to an object in one partition
obs079b_bootstrap_pairwise_case_contrasts_by_object,outputs/comparisons/obs079b_stability_signature_bootstrap_ci/obs079b_bootstrap_pairwise_case_contrasts_by_object.csv,object_id,object,180,180,8,0,30,30.0,,0,,0,False,False,not_confirmation_feasible,only 8 independent clusters; need at least 12,1,keep all rows/windows/routes belonging to an object in one partition
obs079b_feature_zscores,outputs/comparisons/obs079b_stability_signature_bootstrap_ci/obs079b_feature_zscores.csv,object_id,object,168,168,8,0,35,23.0,,0,,0,False,False,not_confirmation_feasible,only 8 independent clusters; need at least 12,1,keep all rows/windows/routes belonging to an object in one partition
obs079b_group_inventory,outputs/comparisons/obs079b_stability_signature_bootstrap_ci/obs079b_group_inventory.csv,object_id,object,171,136,8,0,21,19.0,,0,,0,False,False,not_confirmation_feasible,only 8 independent clusters; need at least 12,1,keep all rows/windows/routes belonging to an object in one partition
obs079c_pairwise_predictions,outputs/comparisons/obs079c_pairwise_stability_classifiers/obs079c_pairwise_predictions.csv,object_id,object,37632,37632,8,0,7840,5152.0,,0,,0,False,False,not_confirmation_feasible,only 8 independent clusters; need at least 12,1,keep all rows/windows/routes belonging to an object in one partition
obs080a_transform_predictions,outputs/comparisons/obs080a_stability_core_transform_sensitivity/obs080a_transform_predictions.csv,object_id,object,56448,56448,8,0,11760,7728.0,,0,,0,False,False,not_confirmation_feasible,only 8 independent clusters; need at least 12,1,keep all rows/windows/routes belonging to an object in one partition
obs080a_transformed_feature_table,outputs/comparisons/obs080a_stability_core_transform_sensitivity/obs080a_transformed_feature_table.csv,object_id,object,168,168,8,0,35,23.0,,0,,0,False,False,not_confirmation_feasible,only 8 independent clusters; need at least 12,1,keep all rows/windows/routes belonging to an object in one partition
obs080b_scale_band_predictions,outputs/comparisons/obs080b_stability_core_scale_band_sensitivity/obs080b_scale_band_predictions.csv,object_id,object,43288,43288,8,0,9120,5680.0,,0,,0,False,False,not_confirmation_feasible,only 8 independent clusters; need at least 12,1,keep all rows/windows/routes belonging to an object in one partition
obs080c_feature_contract_predictions,outputs/comparisons/obs080c_feature_family_contract_sensitivity/obs080c_feature_contract_predictions.csv,object_id,object,96768,96768,8,0,20160,13248.0,,0,,0,False,False,not_confirmation_feasible,only 8 independent clusters; need at least 12,1,keep all rows/windows/routes belonging to an object in one partition
rig_stability_core_geometry,outputs/rig_navigator/views/rig_stability_core_geometry.csv,object_id,object,168,168,8,0,35,23.0,,0,,0,False,False,not_confirmation_feasible,only 8 independent clusters; need at least 12,1,keep all rows/windows/routes belonging to an object in one partition
obs075d_feature_table__2,outputs/comparisons/obs075d_cp3_path_lexical_control_logreg_v2/obs075d_feature_table.csv,route_id,path_id,0,0,0,0,0,,corpus,0,,0,False,False,not_confirmation_feasible,only 0 independent clusters; need at least 12,2,keep overlapping windows and transitions from a route in one partition
obs078c_feature_zscores,outputs/comparisons/obs078c_stability_signature_localization/obs078c_feature_zscores.csv,transition_id,transition,168,168,5,0,42,32.0,,0,,0,False,False,not_confirmation_feasible,only 5 independent clusters; need at least 12,3,keep all windows belonging to a transition block in one partition
obs078c_pairwise_case_contrasts,outputs/comparisons/obs078c_stability_signature_localization/obs078c_pairwise_case_contrasts.csv,transition_id,transition,143,13,5,1,3,3.0,,0,,0,False,False,not_confirmation_feasible,only 5 independent clusters; need at least 12,3,keep all windows belonging to a transition block in one partition
obs078c_signature_by_object_transition,outputs/comparisons/obs078c_stability_signature_localization/obs078c_signature_by_object_transition.csv,transition_id,transition,30,30,5,0,7,7.0,,0,,0,False,False,not_confirmation_feasible,only 5 independent clusters; need at least 12,3,keep all windows belonging to a transition block in one partition
obs078c_signature_by_transition,outputs/comparisons/obs078c_stability_signature_localization/obs078c_signature_by_transition.csv,transition_id,transition,14,14,5,0,3,3.0,,0,,0,False,False,not_confirmation_feasible,only 5 independent clusters; need at least 12,3,keep all windows belonging to a transition block in one partition
obs078c_top_separating_groups,outputs/comparisons/obs078c_stability_signature_localization/obs078c_top_separating_groups.csv,transition_id,transition,149,22,5,0,6,5.0,,0,,0,False,False,not_confirmation_feasible,only 5 independent clusters; need at least 12,3,keep all windows belonging to a transition block in one partition
obs079a_leave_structure_predictions,outputs/comparisons/obs079a_stability_signature_leave_structure_out/obs079a_leave_structure_predictions.csv,transition_id,transition,4032,4032,5,0,1008,768.0,,0,,0,False,False,not_confirmation_feasible,only 5 independent clusters; need at least 12,3,keep all windows belonging to a transition block in one partition
obs079b_bootstrap_ci_by_transition,outputs/comparisons/obs079b_stability_signature_bootstrap_ci/obs079b_bootstrap_ci_by_transition.csv,transition_id,transition,140,140,5,0,30,30.0,,0,,0,False,False,not_confirmation_feasible,only 5 independent clusters; need at least 12,3,keep all windows belonging to a transition block in one partition
obs079b_bootstrap_pairwise_case_contrasts_by_transition,outputs/comparisons/obs079b_stability_signature_bootstrap_ci/obs079b_bootstrap_pairwise_case_contrasts_by_transition.csv,transition_id,transition,130,130,5,0,30,30.0,,0,,0,False,False,not_confirmation_feasible,only 5 independent clusters; need at least 12,3,keep all windows belonging to a transition block in one partition
obs079b_feature_zscores,outputs/comparisons/obs079b_stability_signature_bootstrap_ci/obs079b_feature_zscores.csv,transition_id,transition,168,168,5,0,42,32.0,,0,,0,False,False,not_confirmation_feasible,only 5 independent clusters; need at least 12,3,keep all windows belonging to a transition block in one partition
obs079b_group_inventory,outputs/comparisons/obs079b_stability_signature_bootstrap_ci/obs079b_group_inventory.csv,transition_id,transition,171,14,5,0,3,3.0,,0,,0,False,False,not_confirmation_feasible,only 5 independent clusters; need at least 12,3,keep all windows belonging to a transition block in one partition
obs079c_pairwise_predictions,outputs/comparisons/obs079c_pairwise_stability_classifiers/obs079c_pairwise_predictions.csv,transition_id,transition,37632,37632,5,0,9408,7168.0,,0,,0,False,False,not_confirmation_feasible,only 5 independent clusters; need at least 12,3,keep all windows belonging to a transition block in one partition
obs080a_transform_predictions,outputs/comparisons/obs080a_stability_core_transform_sensitivity/obs080a_transform_predictions.csv,transition_id,transition,56448,56448,5,0,14112,10752.0,,0,,0,False,False,not_confirmation_feasible,only 5 independent clusters; need at least 12,3,keep all windows belonging to a transition block in one partition
obs080a_transformed_feature_table,outputs/comparisons/obs080a_stability_core_transform_sensitivity/obs080a_transformed_feature_table.csv,transition_id,transition,168,168,5,0,42,32.0,,0,,0,False,False,not_confirmation_feasible,only 5 independent clusters; need at least 12,3,keep all windows belonging to a transition block in one partition
obs080b_scale_band_predictions,outputs/comparisons/obs080b_stability_core_scale_band_sensitivity/obs080b_scale_band_predictions.csv,transition_id,transition,43288,43288,5,0,11808,7168.0,,0,,0,False,False,not_confirmation_feasible,only 5 independent clusters; need at least 12,3,keep all windows belonging to a transition block in one partition
obs080c_feature_contract_predictions,outputs/comparisons/obs080c_feature_family_contract_sensitivity/obs080c_feature_contract_predictions.csv,transition_id,transition,96768,96768,5,0,24192,18432.0,,0,,0,False,False,not_confirmation_feasible,only 5 independent clusters; need at least 12,3,keep all windows belonging to a transition block in one partition
rig_survival_matrix,outputs/rig_registry/rig_survival_matrix.csv,provenance,source_path,256,256,4,0,144,42.0,,0,source_path,4,False,False,not_confirmation_feasible,only 4 independent clusters; need at least 12,4,"a provenance campaign may be a replication unit, not merely a row label"
